{
  "15371": "A",
  "15560": "C",
  "15080": "C. Ultimately faced Beckett's direct interference to reconsider his case direction.. Apprehended Gilberto Mendoza through a forceful method to leverage information.. Disregarded Castle's caution and persisted with questionable methods.. Bristled against media presence during the investigation.. Placed safety protocols laxly while frequently involving Castle in dangerous scenarios.. Followed Glitch's dad post-suspecting wrongful vigilante actions.. Discussed applying physical and mental duress on suspects for confessions.. Conducted several harsh and questionable interrogations for intel.. Planned a false conviction to pin Vales against lacking solid evidence.. Led Castle through notifying family about Glitch's murder.. Had the nickname The Widow-maker explained indirectly by Castle's questions.. Drove wildly and aggressively presenting a tougher side of police work.. Took Castle on a ride-along after awkward bartering with his coat and favors.",
  "15031": "E",
  "15262": "C",
  "14952": "C",
  "15060": "A",
  "15578": "A",
  "15199": "B",
  "15476": "E",
  "15543": "A",
  "15409": "E",
  "15474": "A",
  "15181": "A",
  "15339": "B",
  "15210": "E",
  "15049": "A",
  "15599": "A",
  "15125": "A",
  "14972": "E",
  "15150": "C",
  "15603": "A",
  "15324": "E",
  "14991": "B",
  "15114": "A",
  "15519": "A",
  "15468": "D",
  "14919": "A",
  "15412": "A",
  "15346": "E",
  "15573": "A",
  "15032": "C",
  "15154": "A",
  "15510": "A",
  "15375": "A",
  "14983": "C",
  "15184": "E",
  "14946": "B",
  "15277": "A",
  "15356": "C",
  "15610": "E",
  "15327": "A",
  "15123": "D",
  "15606": "A",
  "15001": "A",
  "14968": "B",
  "15397": "A",
  "15363": "E",
  "15067": "A",
  "15169": "A",
  "15256": "A",
  "15414": "B",
  "15075": "A",
  "15083": "E",
  "15069": "D",
  "15007": "E",
  "14923": "E",
  "14929": "B",
  "15285": "B",
  "15078": "A",
  "15006": "C",
  "15352": "D",
  "15336": "A",
  "15537": "A",
  "15575": "B",
  "15439": "C",
  "15096": "B",
  "15160": "E",
  "15021": "A",
  "15373": "E",
  "14950": "B",
  "15182": "B",
  "15061": "A",
  "15235": "A",
  "15022": "E",
  "15607": "C",
  "15505": "A",
  "15243": "A",
  "15131": "A",
  "15116": "The correct option is B.",
  "15149": "A",
  "15166": "E",
  "14937": "A",
  "15015": "E",
  "15431": "A",
  "15549": "C",
  "15132": "D",
  "15589": "E",
  "14951": "A",
  "15542": "A",
  "15357": "A",
  "15385": "A",
  "15263": "A",
  "14973": "A",
  "15206": "A",
  "15264": "A",
  "15222": "A",
  "15438": "E",
  "15317": "A",
  "15294": "E",
  "15424": "E",
  "15447": "B",
  "15555": "E",
  "15095": "E",
  "15042": "E",
  "15525": "D",
  "15435": "B",
  "15046": "B",
  "15155": "B",
  "15547": "E",
  "15304": "A",
  "15532": "A",
  "15165": "E",
  "15443": "E",
  "15260": "E",
  "15561": "E",
  "15520": "B",
  "15406": "A",
  "15252": "A",
  "15544": "A",
  "15193": "C",
  "15002": "E",
  "15272": "D",
  "14936": "E",
  "14965": "B",
  "15350": "D",
  "15374": "A",
  "15399": "E",
  "15325": "A",
  "15259": "A",
  "15135": "E",
  "15588": "E",
  "15477": "E",
  "15405": "A",
  "15278": "A",
  "15241": "A",
  "15236": "A",
  "15491": "E",
  "15286": "C",
  "14990": "D",
  "15115": "E",
  "15441": "B",
  "15000": "A",
  "15387": "A",
  "15566": "E",
  "15457": "A",
  "15456": "E",
  "15033": "A",
  "15574": "A",
  "15454": "A",
  "15400": "A",
  "15024": "A",
  "14918": "A",
  "15192": "C",
  "15201": "D",
  "14969": "E",
  "15219": "D",
  "15248": "A",
  "14984": "D",
  "15211": "A",
  "15258": "A",
  "15051": "C",
  "15113": "A",
  "15403": "E",
  "15276": "C",
  "15413": "B",
  "15429": "B",
  "15087": "A",
  "15173": "A",
  "15323": "B",
  "15498": "A",
  "15475": "C",
  "15322": "A",
  "15266": "E",
  "15335": "B",
  "15205": "E",
  "14956": "C",
  "15318": "A",
  "15215": "B",
  "15254": "A",
  "15495": "B",
  "15005": "E",
  "15596": "E",
  "15586": "A",
  "15392": "A",
  "14993": "A",
  "15174": "C",
  "14954": "B",
  "15463": "D",
  "15548": "E",
  "14989": "A",
  "15581": "A",
  "15120": "A",
  "15594": "A",
  "15426": "A",
  "15107": "B",
  "15293": "A",
  "15190": "C",
  "15291": "D",
  "15128": "The correct option is E.",
  "15490": "A",
  "15320": "B",
  "15342": "E",
  "15552": "The correct option for the following question is:\n\nA. Declared Daddy's back, regaining his confidence.. Tried to have sex with Rhonda again but was rejected initially.. Joined a gym where he invests in overweight women to boost their confidence.. Experienced pickup line failures at the Victoria's Secret Fashion Show after-party, realizing he had the yips.. Found out from Rhonda that she only pretended he was her best ever because of James.. Had flashbacks about his first sexual experience with Rhonda, encouraged by his brother James.. Recognized Rhonda, the woman who he lost his virginity to, at the gym smoothie bar.. Finally, had sex with Rhonda to regain his confidence.. Received confidence advice from Heidi Klum.. Went to the bar, talked with Rhonda as Ted had told her about Barney's troubles.\n\nThis option correctly lists all the actions and events that Barney experiences throughout the episode.",
  "15449": "B",
  "15499": "A",
  "15344": "A",
  "15027": "A",
  "15039": "E",
  "15381": "A",
  "15609": "D",
  "15082": "A",
  "15415": "A",
  "15380": "D",
  "15298": "B",
  "15533": "C",
  "15111": "D",
  "15158": "A",
  "15159": "B",
  "15330": "The correct option is A.",
  "14958": "A",
  "15045": "A",
  "15334": "B",
  "15592": "A",
  "15469": "B",
  "15012": "B",
  "15563": "E",
  "15189": "B",
  "15585": "B",
  "15097": "B",
  "15036": "B",
  "15459": "B",
  "15565": "The correct option is A.",
  "15267": "E",
  "15037": "C",
  "15074": "E",
  "15139": "B",
  "15401": "D",
  "14999": "C",
  "15556": "A",
  "15423": "D",
  "15296": "A",
  "15590": "E",
  "15092": "E",
  "15366": "E",
  "15319": "B",
  "15539": "B",
  "15422": "D",
  "15582": "D",
  "15130": "A",
  "14997": "D",
  "15231": "D",
  "15432": "D",
  "15077": "B",
  "15570": "A",
  "15220": "A",
  "15361": "A",
  "15418": "A",
  "15195": "A",
  "15536": "A",
  "14963": "D",
  "14992": "A",
  "15489": "A",
  "15233": "E",
  "15472": "A",
  "15186": "E",
  "15208": "B",
  "14961": "D",
  "15470": "E",
  "15377": "A",
  "15102": "D",
  "15103": "E",
  "15328": "E",
  "15411": "E",
  "15086": "B",
  "15268": "A",
  "15306": "E",
  "14947": "D",
  "15070": "E",
  "15251": "D",
  "15500": "B",
  "15025": "E",
  "15531": "E",
  "15359": "D",
  "14941": "A",
  "14927": "A",
  "14976": "E",
  "15008": "D",
  "15055": "D",
  "15528": "A",
  "15461": "D",
  "15109": "C",
  "15465": "E",
  "15341": "A",
  "15126": "A",
  "14994": "B",
  "14945": "C",
  "15275": "A",
  "15152": "A",
  "15611": "E",
  "15370": "E",
  "15299": "A",
  "15004": "E",
  "15144": "A",
  "15407": "D",
  "15503": "D",
  "14953": "A",
  "15504": "B",
  "15410": "A",
  "15577": "B",
  "15140": "C",
  "15156": "C",
  "14971": "A",
  "15198": "A",
  "15079": "B",
  "15227": "A",
  "15064": "A",
  "15451": "E",
  "14982": "E",
  "15402": "A",
  "15419": "E",
  "14996": "A",
  "15591": "B",
  "15365": "E",
  "15541": "A",
  "14988": "E",
  "15597": "A",
  "15269": "A",
  "14928": "A",
  "15600": "A",
  "15389": "A",
  "14916": "E",
  "15331": "B",
  "15393": "B",
  "14926": "A",
  "15408": "E",
  "14962": "C",
  "15290": "E",
  "15261": "A",
  "15187": "E",
  "15522": "E",
  "15196": "D",
  "15017": "E",
  "15214": "A",
  "15338": "A",
  "15329": "A",
  "14917": "E",
  "14964": "A",
  "14966": "A",
  "15287": "A",
  "15009": "A",
  "15106": "A",
  "15249": "E",
  "15129": "B",
  "15315": "E",
  "15337": "A",
  "15386": "A",
  "14960": "A",
  "15433": "E",
  "15056": "B",
  "15162": "E",
  "15282": "D",
  "14930": "C",
  "15467": "D",
  "14974": "B",
  "15175": "A",
  "15314": "A",
  "14998": "B",
  "15147": "E",
  "15100": "A",
  "15482": "A",
  "15230": "B",
  "15270": "A",
  "15271": "A",
  "15502": "A",
  "15232": "A",
  "15583": "A",
  "15571": "A",
  "15176": "B",
  "15309": "C",
  "15229": "A",
  "15425": "D",
  "15028": "D",
  "15237": "A",
  "15110": "A",
  "15421": "A",
  "15605": "A",
  "15612": "B",
  "15204": "A",
  "15311": "E",
  "15362": "E",
  "15428": "A",
  "15354": "A",
  "15448": "A",
  "15396": "A",
  "15326": "B",
  "15390": "A",
  "15143": "E",
  "15360": "A",
  "15040": "D",
  "15062": "A",
  "15395": "E",
  "15124": "B",
  "15288": "E",
  "15098": "B",
  "15238": "A",
  "15557": "A",
  "15118": "D",
  "15203": "B",
  "15579": "A",
  "14970": "D",
  "15518": "B",
  "15274": "E",
  "15088": "A",
  "15052": "D",
  "15063": "B",
  "15398": "B",
  "15068": "A",
  "15034": "C",
  "15029": "A",
  "15057": "A",
  "15148": "A",
  "14949": "C",
  "15497": "A",
  "15170": "D",
  "14921": "E",
  "15244": "D",
  "15245": "A",
  "15146": "A",
  "15054": "B",
  "15534": "A",
  "15089": "A",
  "15253": "A",
  "15112": "E",
  "15496": "B",
  "15197": "B",
  "15358": "E",
  "15090": "A",
  "15104": "A",
  "15446": "A",
  "15515": "E",
  "15194": "C",
  "15514": "B",
  "15297": "E",
  "15587": "A",
  "15391": "D",
  "15382": "A",
  "15141": "B",
  "15188": "D",
  "15554": "C",
  "15427": "E",
  "15134": "C",
  "15138": "B",
  "15013": "A",
  "15484": "B",
  "15417": "E",
  "15284": "B",
  "15351": "B",
  "15321": "E",
  "15553": "C",
  "15442": "A",
  "15545": "C",
  "15280": "A",
  "15224": "A",
  "15026": "E",
  "15493": "A",
  "14934": "A",
  "15486": "C",
  "15479": "C",
  "15508": "C",
  "15163": "D",
  "15048": "B",
  "15436": "A",
  "15076": "B",
  "15404": "C",
  "15030": "B",
  "15349": "A",
  "15384": "D",
  "15485": "C",
  "15038": "E",
  "15171": "C",
  "15378": "A",
  "15305": "A",
  "15394": "E",
  "15081": "D",
  "15546": "A",
  "15295": "B",
  "15345": "A",
  "15340": "A",
  "15105": "A",
  "15310": "A",
  "15016": "D",
  "15480": "B",
  "15065": "A",
  "15517": "E",
  "15200": "C",
  "15584": "A",
  "15550": "B",
  "14967": "A",
  "14933": "E",
  "14979": "C",
  "15101": "A",
  "15343": "E",
  "15213": "E",
  "15601": "E",
  "15501": "B",
  "15540": "D",
  "15247": "A",
  "15564": "B",
  "15524": "A",
  "15569": "A",
  "15473": "E",
  "15094": "A",
  "15445": "E",
  "15281": "E",
  "15372": "A",
  "15567": "B",
  "15240": "C",
  "15018": "E",
  "15572": "A",
  "15242": "A",
  "15595": "A",
  "15289": "C",
  "15164": "B",
  "15516": "A",
  "15145": "E",
  "15604": "B",
  "15223": "E",
  "15209": "C",
  "14938": "B",
  "15523": "A",
  "14975": "B",
  "15420": "B",
  "15225": "E",
  "15559": "B",
  "15471": "A",
  "15071": "A",
  "15179": "B",
  "15593": "A",
  "15279": "A",
  "15511": "A",
  "14985": "A",
  "15312": "B",
  "15265": "A",
  "15216": "A",
  "15513": "E",
  "15301": "E",
  "14924": "A",
  "15093": "D",
  "15598": "A",
  "15250": "A",
  "15019": "E",
  "15562": "A",
  "15437": "E",
  "15462": "E",
  "15506": "E",
  "15383": "E",
  "15576": "A",
  "15458": "B",
  "15558": "C",
  "15509": "C",
  "15177": "A",
  "14959": "C",
  "15464": "E",
  "15316": "E",
  "15369": "A",
  "15300": "A",
  "15367": "D",
  "15613": "A",
  "15066": "A",
  "15153": "A",
  "15512": "A",
  "15526": "A",
  "15303": "E",
  "15151": "E",
  "15099": "E"
}