{
  "12165": "C",
  "12038": "A",
  "11208": "E",
  "11630": "B",
  "11260": "A",
  "11735": "A",
  "11568": "E",
  "11188": "A",
  "11583": "A",
  "11955": "A",
  "11903": "B",
  "11691": "B",
  "12048": "D",
  "11699": "A",
  "11177": "B",
  "11942": "A",
  "11178": "E",
  "11512": "D",
  "11496": "A",
  "12065": "A",
  "11765": "B",
  "11690": "A",
  "11186": "B",
  "11413": "D",
  "11492": "E",
  "12031": "A",
  "11814": "A",
  "11173": "E",
  "12142": "A",
  "11251": "E",
  "11703": "B",
  "11948": "E",
  "11544": "A",
  "11783": "D",
  "11543": "C",
  "11674": "D",
  "11959": "E",
  "11366": "D",
  "11538": "E",
  "11199": "A",
  "12094": "E",
  "11588": "E",
  "11754": "B",
  "11322": "A",
  "11864": "E",
  "11584": "D",
  "11326": "B",
  "11157": "A",
  "12042": "D",
  "11986": "A",
  "11729": "A",
  "11992": "B",
  "11481": "A",
  "11472": "A",
  "11495": "D",
  "11999": "C",
  "11218": "B",
  "11960": "B",
  "11881": "The correct sequence of the episode events that happened before the event of 'Kutner suggests chagas disease to House' is option B.",
  "11629": "A",
  "11969": "C",
  "11827": "E",
  "11890": "D",
  "11534": "E",
  "11885": "A",
  "11733": "E",
  "12157": "D",
  "11895": "E",
  "11724": "B",
  "12006": "A",
  "11727": "C",
  "11486": "D",
  "11624": "D",
  "11708": "A",
  "11259": "D",
  "11846": "A",
  "11585": "B",
  "12040": "B",
  "12111": "E",
  "11620": "B",
  "11521": "A",
  "11292": "E",
  "11327": "A",
  "11801": "E",
  "11290": "B",
  "11530": "B",
  "11154": "E",
  "11731": "D",
  "11563": "D",
  "11197": "A",
  "11216": "B",
  "11931": "E",
  "11295": "B",
  "11357": "E",
  "11225": "E",
  "11974": "B",
  "11356": "C",
  "11978": "E",
  "11635": "A",
  "11604": "B",
  "11364": "A",
  "11203": "E",
  "11273": "C",
  "11836": "E",
  "11281": "E",
  "11965": "E",
  "11368": "D",
  "11310": "B",
  "11829": "D",
  "11419": "B",
  "11253": "A",
  "11771": "The answer is A.",
  "11395": "A",
  "11853": "A",
  "11842": "A",
  "11954": "A",
  "11330": "B",
  "11171": "A",
  "11387": "A",
  "12095": "B",
  "11823": "B",
  "11379": "B",
  "11741": "B",
  "11501": "D",
  "11745": "A",
  "12004": "B",
  "11181": "B",
  "11980": "A",
  "11373": "B",
  "11612": "C",
  "11148": "E",
  "12102": "B",
  "11914": "B",
  "11372": "D",
  "11524": "B",
  "11400": "A",
  "11549": "E",
  "12169": "A",
  "11989": "D",
  "12021": "A",
  "12030": "B",
  "11286": "D",
  "11183": "E",
  "11591": "B",
  "11840": "D",
  "11270": "D",
  "11721": "A",
  "12016": "A",
  "11600": "B",
  "11987": "B",
  "11662": "E",
  "12126": "B",
  "11394": "B",
  "11671": "E",
  "11324": "B",
  "11491": "E",
  "11772": "B",
  "11781": "B",
  "11452": "A",
  "11607": "B",
  "12013": "B",
  "11916": "E",
  "11411": "A",
  "11936": "C",
  "11484": "A",
  "11646": "A",
  "11434": "E",
  "11988": "E",
  "11331": "B",
  "12023": "E",
  "11303": "E",
  "11360": "D",
  "12017": "D",
  "11687": "B",
  "11621": "A",
  "11617": "B",
  "11133": "A",
  "11908": "B",
  "11494": "E",
  "11822": "A",
  "11889": "E",
  "11670": "D",
  "12027": "E",
  "11757": "A",
  "11358": "E",
  "11790": "C",
  "11792": "C",
  "11532": "B",
  "11493": "E",
  "11500": "C",
  "12034": "C",
  "12121": "E",
  "11806": "D",
  "11626": "B",
  "12108": "E",
  "11753": "E",
  "12060": "E",
  "11939": "C",
  "11887": "A",
  "11254": "B",
  "12018": "A",
  "11418": "B",
  "11953": "E",
  "11918": "A",
  "11597": "B",
  "11679": "B",
  "12033": "A",
  "11714": "D",
  "11967": "C",
  "11267": "A",
  "11707": "B",
  "11454": "E",
  "11819": "A",
  "11900": "A",
  "11930": "E",
  "11467": "B",
  "11782": "B",
  "11255": "B",
  "11535": "A",
  "11975": "A",
  "11398": "D",
  "11894": "A",
  "11428": "B",
  "11582": "D",
  "11693": "A",
  "11925": "C",
  "11905": "A",
  "11845": "B",
  "12003": "A",
  "11922": "E",
  "11480": "D",
  "11184": "A",
  "11909": "B",
  "11700": "C",
  "11688": "A",
  "11774": "A",
  "11839": "D",
  "11274": "A",
  "11449": "B",
  "11717": "D",
  "11142": "B",
  "11672": "D",
  "11849": "B",
  "12088": "B",
  "11187": "B",
  "11767": "D",
  "11711": "B",
  "11793": "A",
  "11504": "A",
  "11677": "D",
  "11362": "B",
  "12144": "A",
  "11725": "C",
  "11249": "B",
  "11230": "A",
  "11517": "E",
  "11811": "B",
  "11740": "A",
  "12052": "B",
  "11527": "B",
  "12093": "B",
  "11982": "C",
  "12097": "D",
  "11445": "A",
  "11570": "B",
  "12012": "The correct answer is A.",
  "12091": "A",
  "11149": "A",
  "11576": "B",
  "11966": "B",
  "11804": "A",
  "11205": "A",
  "11946": "A",
  "11596": "B",
  "11164": "The correct order of scenes in the episode is:\n\nA. Professor Rothman enters the corridor, naked. Sheldon and Kripke argue over who gets Professor Rothman empty office. Raj, Howard, Leonard, and Sheldon discuss Professor Rothman new', empty office. Amy gives Penny a large, unattractive painting. Sheldon and Kripke argue with President Siebert in the bathroom\n\nSo, the answer is A.",
  "11243": "A",
  "11746": "C",
  "11667": "B",
  "11509": "B",
  "11473": "The correct chronological order of the events is:\n\nB. Castle, Ryan, and Esposito track Sonia. Esposito decides to get drunk with friend. Espo learns Sonia planned the entire breakout. They identify Sonia Ruiz as a suspect.",
  "11276": "E",
  "11153": "A",
  "11586": "A",
  "11533": "D",
  "11990": "C",
  "11318": "E",
  "12061": "B",
  "11223": "E",
  "11134": "C",
  "11257": "A",
  "11673": "A",
  "11787": "B",
  "11453": "A",
  "11656": "B",
  "11681": "E",
  "11719": "A",
  "11189": "D",
  "11848": "A",
  "11572": "A",
  "12143": "A",
  "11215": "E",
  "11752": "A",
  "12154": "E",
  "12026": "D",
  "11317": "D",
  "11518": "E",
  "11287": "A",
  "11601": "D",
  "11638": "E",
  "11483": "A",
  "11293": "D",
  "11927": "B",
  "11429": "D",
  "11696": "B",
  "12010": "B",
  "11610": "A",
  "11760": "C",
  "11676": "E",
  "11304": "B",
  "11363": "E",
  "11140": "A",
  "11643": "E",
  "11622": "B",
  "11983": "B",
  "11968": "D",
  "11702": "E",
  "11861": "A",
  "11695": "E",
  "11682": "A",
  "11941": "E",
  "11704": "A",
  "11553": "B",
  "12104": "B",
  "11296": "D",
  "12130": "E",
  "11220": "A",
  "11615": "B",
  "12133": "D",
  "11137": "A",
  "11934": "A",
  "11513": "C",
  "11145": "A",
  "11834": "E",
  "11616": "E",
  "11923": "E",
  "11786": "B",
  "11258": "A",
  "11279": "A",
  "11608": "E",
  "11897": "B",
  "11756": "B",
  "11785": "E",
  "11272": "B",
  "12015": "To determine the correct sequence of scenes following the event 'House and team recount Jordan’s actions,' we need to analyze the given context and identify the relevant events that occur next to Jordan's recounting of her actions. Based on the context, the following steps are taken:\n\n1. **Initial Interaction**: The scene begins with House and Wilson receiving calls about the patient's condition. This sets the stage for the events that follow.\n\n2. **Cameron and Foreman Suspect Bulimia**: Cameron and Foreman suspect bulimia based on the patient's symptoms, which could be linked to Jordan's actions.\n\n3. **House and Cuddy Dance at 80s Theme Party**: The next scene shows House and Cuddy dancing at an 80s themed party, which could be a way to show support for Jordan.\n\n4. **Jordan's Parents Plan to Stay**: Jordan's parents plan to stay and show support, indicating that Jordan's actions might be of concern.\n\n5. **House and Wilson Arrive at Conference**: House and Wilson arrive at a conference, possibly discussing the patient's condition and the need for further investigation.\n\n6. **Jordan Recounts the Night with the Band**: Jordan recounts the night with the band, which is a significant event in her story.\n\n7. **Jordan Has Cardiac Complications**: Jordan has cardiac complications, which could be a direct result of her actions.\n\n8. **Cameron Gets Truth from Jordan**: Cameron gets the truth from Jordan about her actions, which could be crucial for Jordan's recovery.\n\n9. **House Learns About Cuddy’s Memory of Their Past**: House learns about Cuddy’s memory of their past, which could be related to Jordan's actions.\n\n10. **Wilson Tells House About an 80s Theme Party**: Wilson tells House about an 80s themed party, which could be a distraction or a way to cope with the situation.\n\n11. **House Mocks the Adults During Remote Diagnosis**: House mocks the adults during the remote diagnosis, which could be a way to cope with the situation.\n\n12. **Cameron and Chase Gather Food Containers for Testing**: Cameron and Chase gather food containers for testing, which could be related to the investigation of Jordan's actions.\n\n13. **House and Wilson’s Conversation About Guilt and Responsibilities**: House and Wilson’s conversation about guilt and responsibilities could be a way to cope with the situation.\n\n14. **House Connects Symptoms to Vibrio and Hemochromatosis**: House connects the symptoms to Vibrio and hemochromatosis, which could be a way to understand the cause of Jordan's cardiac complications.\n\n15. **House Mocks the Adults During Remote Diagnosis**: House mocks the adults during the remote diagnosis, which could be a way to cope with the situation.\n\n16. **Cuddy, Lucas, House, and Wilson Have an Awkward Dinner**: Cuddy, Lucas, House, and Wilson have an awkward dinner, which could be a way to cope with the situation.\n\n17. **House and Wilson Receive Call About Patient’s Condition**: House and Wilson receive calls about the patient’s condition, which could be related to their next steps in the investigation.\n\nGiven the sequence of events that occur next to Jordan's recounting of her actions, the correct answer is:\n\nE. Jordan recounts the night with the band. Wilson tells House about an 80s themed party. House and Wilson receive call about patient’s condition. House and Wilson arrive at conference. House and Wilson’s conversation about guilt and responsibilities. House connects the symptoms to vibrio and hemochromatosis. House mocks the adults during remote diagnosis. Cuddy, Lucas, House, and Wilson have an awkward dinner. Jordan’s parents plan to stay, showing support. Cameron gets truth from Jordan about her actions. House learns about Cuddy’s memory of their past. Wilson tells House about an 80s themed party. Jordan has cardiac complications. Jordan recounts the night with the band. House and Cuddy dance at 80s themed party. House connects the symptoms to vibrio and hemochromatosis. Cuddy, Lucas, House, and Wilson have an awkward dinner.",
  "12032": "A",
  "11618": "E",
  "12107": "C",
  "11515": "B",
  "11165": "D",
  "12168": "B",
  "11353": "A",
  "11210": "D",
  "11590": "C",
  "11547": "A",
  "11856": "E",
  "11606": "C",
  "11766": "A",
  "12002": "A",
  "11862": "B",
  "11875": "A",
  "11252": "C",
  "11369": "B",
  "11589": "C",
  "12049": "B",
  "11592": "A",
  "11426": "A",
  "11200": "B",
  "11587": "D",
  "11392": "D",
  "11747": "B",
  "11623": "C",
  "11599": "B",
  "11627": "A",
  "11323": "E",
  "11660": "D",
  "12039": "E",
  "11825": "E",
  "11906": "E",
  "12124": "E",
  "11207": "C",
  "11263": "D",
  "11728": "B",
  "11174": "B",
  "11151": "B",
  "11283": "C",
  "11651": "B",
  "11475": "A",
  "11632": "A",
  "11567": "A",
  "11945": "B",
  "11377": "A",
  "11779": "A",
  "12136": "C",
  "11351": "D",
  "11602": "E",
  "11196": "A",
  "11655": "E",
  "11552": "A",
  "11347": "A",
  "11603": "A",
  "11661": "D",
  "11172": "B",
  "11998": "A",
  "11882": "D",
  "12005": "A",
  "11769": "C",
  "11545": "E",
  "11194": "A",
  "11737": "A",
  "11516": "A",
  "11701": "B",
  "11540": "D",
  "11962": "A",
  "11594": "E",
  "11870": "D",
  "11977": "A",
  "12043": "A",
  "11550": "C",
  "11529": "E",
  "12152": "C",
  "11952": "B",
  "11904": "A",
  "11211": "C",
  "11289": "B",
  "12067": "C",
  "11910": "The correct sequence of the episode events that happened after the event of 'The team checks Sarah/u2019s heart and finds it clean' is option A.",
  "11791": "A",
  "11892": "E",
  "11773": "B",
  "12072": "D",
  "11557": "E",
  "12024": "A",
  "11598": "A",
  "11245": "C",
  "11921": "E",
  "11168": "B",
  "11345": "C",
  "11730": "A",
  "11709": "D",
  "11981": "A",
  "12070": "C",
  "11384": "D",
  "11716": "A",
  "11732": "A",
  "11778": "A",
  "11873": "B",
  "11614": "A",
  "11633": "C",
  "11613": "A",
  "11232": "E",
  "11206": "A",
  "12150": "A",
  "11179": "A",
  "11266": "E",
  "11297": "D",
  "11647": "E",
  "11375": "A",
  "11648": "A",
  "11446": "A",
  "11824": "E",
  "11866": "A",
  "11595": "B",
  "11935": "B",
  "11139": "C",
  "11796": "A",
  "12098": "A",
  "12160": "A",
  "11609": "C",
  "11386": "B",
  "11652": "D",
  "11328": "D",
  "12087": "B",
  "11190": "A",
  "11929": "E",
  "12166": "E",
  "11768": "D",
  "12113": "A",
  "11560": "D",
  "11993": "A",
  "12089": "B",
  "11658": "A",
  "11739": "A",
  "12114": "A",
  "11202": "D",
  "11476": "A",
  "11653": "B",
  "12115": "A",
  "11958": "A",
  "11526": "A",
  "12140": "B",
  "11920": "D",
  "11639": "D",
  "11649": "E",
  "11838": "E",
  "11619": "B",
  "11684": "E",
  "11743": "A",
  "11231": "C",
  "11957": "E",
  "11748": "B",
  "11546": "A"
}