{
  "730": "E",
  "347": "B",
  "1668": "E",
  "1734": "D",
  "575": "E",
  "525": "B",
  "1127": "E",
  "1189": "A",
  "1630": "C",
  "636": "A",
  "874": "E",
  "590": "A",
  "277": "A",
  "1246": "A",
  "1198": "A",
  "317": "B",
  "784": "D",
  "551": "B",
  "1159": "B. I don't know",
  "1149": "A",
  "1524": "C",
  "626": "A",
  "1066": "A",
  "948": "E",
  "1268": "B. I don't know",
  "419": "A",
  "891": "D",
  "1466": "D",
  "471": "C",
  "598": "A",
  "1692": "B",
  "1733": "E",
  "1054": "C",
  "720": "D",
  "638": "A",
  "1447": "E",
  "1034": "A",
  "346": "A",
  "1293": "A",
  "1378": "E",
  "258": "A",
  "894": "A",
  "1473": "B",
  "589": "D",
  "1849": "A",
  "1266": "B",
  "831": "A",
  "946": "A",
  "1085": "D",
  "644": "A",
  "843": "D",
  "1790": "A",
  "1530": "A",
  "1348": "D",
  "1646": "A",
  "1147": "C",
  "1440": "D",
  "1812": "C",
  "1151": "A",
  "1339": "A",
  "1438": "E",
  "1802": "A",
  "1190": "A",
  "1101": "D",
  "649": "A",
  "928": "A",
  "297": "A",
  "1535": "A",
  "1471": "A",
  "1261": "D",
  "1133": "A",
  "1475": "A",
  "328": "C",
  "654": "A",
  "1096": "C",
  "1329": "D",
  "1574": "B",
  "1527": "A",
  "1123": "B",
  "1500": "C",
  "405": "E",
  "512": "D",
  "1583": "B",
  "1185": "A",
  "1037": "A",
  "1636": "D",
  "1069": "A",
  "278": "A",
  "1342": "A",
  "431": "E",
  "902": "A",
  "780": "A",
  "1526": "C",
  "508": "C",
  "335": "A",
  "1786": "B",
  "545": "D",
  "1474": "C",
  "1327": "D. Black shirt with a light-colored lab coat, Black suit with a black shirt and dark tie, emerald green evening dress",
  "1370": "A",
  "289": "A",
  "542": "E",
  "1371": "A",
  "1702": "E",
  "340": "B",
  "1016": "D",
  "1708": "A",
  "343": "D",
  "723": "B",
  "938": "A",
  "273": "A",
  "1152": "E",
  "1229": "C",
  "435": "C",
  "1509": "A",
  "284": "B",
  "595": "B",
  "758": "D",
  "1281": "B",
  "1381": "D",
  "1560": "A",
  "1468": "B",
  "1333": "B",
  "450": "E",
  "1433": "A",
  "900": "A",
  "1258": "A",
  "757": "B",
  "936": "C",
  "1298": "A",
  "1477": "D",
  "933": "D",
  "1588": "D",
  "1269": "A",
  "1442": "B",
  "732": "A",
  "1051": "B",
  "321": "A",
  "1513": "B",
  "1248": "B",
  "1139": "E",
  "517": "B",
  "1102": "A",
  "423": "A",
  "679": "B",
  "869": "D",
  "924": "B",
  "1710": "B",
  "458": "D",
  "762": "D",
  "738": "D",
  "1404": "E",
  "1867": "E",
  "705": "A",
  "658": "B",
  "751": "A",
  "1725": "A",
  "907": "C",
  "1082": "B",
  "1001": "B",
  "1021": "E",
  "1061": "A",
  "345": "C",
  "1419": "D",
  "1682": "E",
  "1132": "A",
  "597": "A",
  "973": "E",
  "608": "A",
  "925": "E",
  "789": "A",
  "1543": "B",
  "1794": "A",
  "801": "A",
  "584": "D",
  "867": "D",
  "1124": "B",
  "1322": "A",
  "951": "D",
  "1620": "E",
  "421": "D",
  "1074": "A",
  "1374": "C",
  "1485": "B",
  "956": "A",
  "989": "A",
  "919": "B",
  "777": "D",
  "627": "B",
  "764": "B",
  "1426": "E",
  "283": "C",
  "977": "E",
  "1695": "D",
  "1718": "B",
  "1837": "A",
  "1840": "A",
  "1496": "D",
  "660": "B",
  "1672": "A",
  "1227": "A",
  "1571": "E",
  "1253": "A",
  "743": "B",
  "1748": "C",
  "1464": "B",
  "785": "A",
  "298": "B",
  "583": "A",
  "1331": "A",
  "1483": "D",
  "688": "A",
  "1204": "A",
  "578": "A",
  "1742": "A",
  "1572": "C",
  "1575": "A",
  "1243": "The correct sequence of changing the outfits for Dr. Derek Shepherd in the video is:\n\nB. Brown sweater with a collar, White medical coat, Light blue medical scrubs",
  "1383": "E",
  "1357": "B",
  "279": "B",
  "811": "D",
  "839": "C",
  "769": "A",
  "689": "A",
  "342": "B",
  "438": "A",
  "572": "A",
  "1848": "B",
  "1847": "A",
  "1154": "A",
  "1487": "E",
  "1092": "D",
  "593": "E",
  "1641": "C",
  "1008": "A",
  "1108": "A",
  "961": "B",
  "665": "E",
  "753": "D",
  "882": "A",
  "917": "B",
  "1855": "E",
  "477": "A",
  "1321": "D. I don't know",
  "1732": "A",
  "1746": "E",
  "1798": "A",
  "725": "A",
  "500": "B",
  "1300": "A",
  "734": "E",
  "1031": "E",
  "1003": "D",
  "1851": "B",
  "1761": "B",
  "600": "A",
  "1338": "A",
  "576": "B",
  "887": "C",
  "625": "A",
  "1776": "To determine the order of changing the outfits for Lily Aldrin in the episode after the event of \"The narrator proposes to Stella with an orange kangaroo,\" we need to carefully analyze the context and the sequence of events. Let's go through the subtitles step by step to identify the relevant information:\n\n1. **The narrator proposes to Stella with an orange kangaroo**:\n   - This event sets the stage for the changes in Lily's outfit.\n\n2. **Subtitles mentioning Lily's outfit changes**:\n   - The subtitles do not directly mention the changes in Lily's outfit after the event. However, we can infer from the context that Lily's outfit likely changes after this proposal.\n\n3. **Identifying the correct sequence**:\n   - The correct order of changing the outfits should logically follow the proposal to Stella. This is because the proposal introduces Lily into a new relationship, and the outfit change would be a natural progression.\n\n4. **Matching the correct answer**:\n   - The correct answer should indicate the order of Lily's outfits being changed after the proposal.\n\nGiven the context and the logical sequence, the correct order of changing the outfits would be:\n- White dress with blue and green floral pattern\n- Dark top with red jacket\n- Red dress with white trim and buttons at the waist\n\nThus, the correct answer is:\n\\boxed{A}",
  "1213": "D",
  "1341": "E",
  "1576": "A",
  "987": "A",
  "1768": "B",
  "252": "D",
  "299": "A",
  "1803": "C",
  "737": "The correct answer is A.",
  "1418": "A",
  "570": "A",
  "266": "E",
  "1131": "A",
  "703": "E",
  "895": "B",
  "526": "D",
  "745": "B",
  "1637": "A",
  "774": "D. I don't know",
  "454": "A",
  "1265": "A",
  "787": "A",
  "606": "A",
  "387": "B",
  "1520": "D",
  "1387": "A",
  "310": "B",
  "1730": "A",
  "759": "B",
  "993": "B",
  "263": "The correct answer is B. Yellow blazer over a light blue sweater vest and a patterned collared shirt.",
  "809": "A",
  "323": "A",
  "1751": "E",
  "666": "B",
  "401": "D",
  "446": "D",
  "1655": "A",
  "1713": "C",
  "1550": "A",
  "648": "B",
  "681": "A",
  "344": "E",
  "822": "A. Black ribbed long-sleeve top with buttoned collar., Black jacket over a shirt.",
  "791": "A",
  "1203": "B",
  "1144": "B",
  "364": "C",
  "1071": "D",
  "1094": "A",
  "469": "A",
  "1356": "D",
  "735": "A",
  "491": "E",
  "675": "A",
  "1366": "C",
  "1345": "A",
  "1706": "C",
  "980": "D",
  "376": "D",
  "639": "B",
  "1330": "A",
  "1859": "A",
  "395": "C",
  "1002": "B",
  "1239": "D",
  "1199": "D",
  "1554": "C",
  "1764": "A",
  "1389": "A",
  "893": "To determine the correct sequence of outfit changes for Phoebe Buffay in the video, we need to carefully analyze the context provided by the subtitles. The focus is on Phoebe's interactions with other characters, particularly Joey, Chandler, and Monica.\n\n1. **Understanding the Context:**\n   - The subtitles provide a narrative flow, including dialogue and actions that Phoebe buffers with.\n   - Phoebe's interactions with Joey and Chandler are central to the story, and her responses to these interactions help illustrate her personality and reactions.\n\n2. **Analyzing the Outfit Changes:**\n   - Phoebe's outfits change based on the characters she interacts with. She is often shown in different outfits that reflect her personality and the context of the scene.\n   - Phoebe is typically shown in a smart-casual attire, which is more suitable for her role as a character in a comedy series.\n\n3. **Evaluating the Choices:**\n   - **Choice A:** This outfit sequence does not align with Phoebe's typical character in the series.\n   - **Choice B:** This outfit sequence also does not match Phoebe's typical character.\n   - **Choice C:** This is not an option provided in the choices.\n   - **Choice D:** This outfit sequence is plausible but does not show Phoebe in a way that reflects her personality or the context of her interactions.\n   - **Choice E:** This outfit sequence shows Phoebe in a smart-casual attire that fits her character.\n\n4. **Conclusion:**\n   - The correct sequence of outfits for Phoebe Buffay in the video is best represented by Choice E.\n\nTherefore, the correct answer is:\n\n\\boxed{E}",
  "1291": "A",
  "1498": "B",
  "797": "B",
  "1581": "A",
  "1754": "B",
  "1480": "A",
  "1443": "A",
  "1084": "A",
  "1250": "B",
  "672": "D",
  "332": "A",
  "859": "D",
  "853": "B",
  "375": "A",
  "1361": "A",
  "1087": "E",
  "1503": "C",
  "324": "A",
  "1785": "E",
  "262": "E",
  "1344": "A",
  "1714": "D",
  "338": "B",
  "396": "A",
  "1073": "C",
  "1121": "A",
  "1492": "D",
  "860": "B",
  "673": "E",
  "1346": "E",
  "1749": "The correct answer is A. Gray sleeveless top, Light green sleeveless top, Black sleeveless dress with a subtle pattern, Dark dress with a green collar, Purple dress with a pink and black patterned shawl.",
  "1225": "D",
  "790": "A",
  "623": "A",
  "1573": "C",
  "439": "B",
  "828": "D",
  "1863": "A",
  "380": "D",
  "1739": "D. Dark suit with a purple shirt and tie., Grey suit with a light blue shirt and patterned tie., Formal shirt with stripes and a dark tie., Light shirt and dark pants without a jacket., White t-shirt and black pants., Dark blue robe with red lining., Black shirt with white stripes., Black pants without a shirt, later wearing a dark purple shirt.",
  "370": "A",
  "1788": "A",
  "259": "A",
  "1719": "A",
  "824": "B",
  "440": "E",
  "1019": "B",
  "788": "A",
  "1698": "C",
  "1209": "E",
  "1856": "B",
  "1170": "The correct answer is A. Dark plaid jacket over a brown shirt with head wrapped in a white bandage.",
  "992": "E",
  "1434": "C",
  "686": "B",
  "864": "D",
  "877": "C",
  "1319": "A",
  "1262": "B",
  "913": "E",
  "366": "B",
  "1039": "A",
  "1156": "E",
  "550": "B",
  "1658": "D",
  "1091": "C",
  "505": "B",
  "1216": "E",
  "1120": "A",
  "1306": "The correct sequence of outfits Dr. Eric Foreman wears in the video is:\n\nA. White lab coat, blue dress shirt, dark tie, White lab coat, plain white shirt",
  "986": "A",
  "1390": "D",
  "1176": "A",
  "585": "A",
  "476": "B",
  "483": "A",
  "1462": "To answer the multiple-choice question, we need to identify the outfit details for Dr. Gregory House in the context provided. Let's analyze the options:\n\nA. Purple top with short sleeves, likely paired with black pants or skirt, white chef's coat and hat, white apron and chef's hat\nB. white apron and chef's hat, Purple top with short sleeves, likely paired with black pants or skirt, white chef's coat and hat\nC. I don't know\nD. Purple top with short sleeves, likely paired with black pants or skirt\nE. white chef's coat and hat, Purple top with short sleeves, likely paired with black pants or skirt, white apron and chef's hat\n\nGiven the context, Dr. Gregory House is a character in the TV show \"Dr. House\" and is known for his role as a doctor and a character with a quirky and eccentric personality. He is often depicted in a purple top with short sleeves, which is a common outfit choice for him.\n\nOption A and B describe the outfit as purple, which is consistent with the character's attire. Option C is incorrect because the character is known for his eccentric and colorful appearance. Option D is missing the purple top and chef's coat, which are part of his outfit. Option E is incorrect because it is not the typical outfit choice for Dr. Gregory House.\n\nConsidering the context and the character's typical appearance, the correct answer is:\n\n**D. Purple top with short sleeves, likely paired with black pants or skirt**",
  "291": "A",
  "1210": "A",
  "592": "C",
  "1832": "B",
  "1835": "A",
  "1563": "B",
  "620": "A",
  "1819": "C",
  "1643": "A",
  "1421": "A",
  "1497": "B",
  "1816": "D",
  "560": "A",
  "580": "B",
  "363": "A",
  "765": "E",
  "994": "C",
  "906": "D",
  "1687": "B",
  "1148": "B",
  "276": "B",
  "1616": "A",
  "1050": "A",
  "337": "B",
  "1211": "A",
  "1808": "B",
  "613": "A",
  "796": "B",
  "1143": "D. red polka dot dress, Light blue scrub top, Light blue scrub top with a white lab coat",
  "1845": "A",
  "776": "A",
  "775": "D",
  "404": "C",
  "972": "B",
  "1614": "A",
  "1490": "A",
  "1868": "B",
  "937": "B",
  "1114": "A",
  "492": "B",
  "265": "C",
  "1188": "A",
  "1090": "B",
  "290": "B",
  "1303": "A",
  "399": "C",
  "1634": "B",
  "1709": "B",
  "866": "A",
  "1463": "A",
  "1015": "E",
  "1380": "E",
  "379": "D",
  "754": "A",
  "472": "C",
  "830": "A",
  "650": "E",
  "1026": "A",
  "752": "C",
  "581": "A",
  "1055": "C",
  "1414": "A",
  "1602": "A",
  "1762": "E",
  "275": "D",
  "952": "D",
  "719": "A",
  "1020": "A",
  "496": "E",
  "1782": "E",
  "1593": "A",
  "311": "D",
  "568": "B",
  "1196": "B",
  "1077": "B. Dark blue button-up shirt with subtle stripes, paired with dark pants., White lab coat over a blue dress shirt and a patterned tie.",
  "1783": "C",
  "1551": "C",
  "1183": "B",
  "603": "A",
  "293": "A",
  "1009": "B",
  "1722": "D",
  "1206": "A",
  "1318": "A",
  "1302": "B",
  "1678": "A",
  "253": "D",
  "1100": "D",
  "607": "E",
  "429": "A",
  "646": "B",
  "1773": "E",
  "711": "A",
  "1408": "E",
  "1831": "A",
  "1701": "B",
  "736": "A",
  "669": "C",
  "1168": "B",
  "432": "B",
  "1208": "B",
  "833": "A",
  "548": "B",
  "935": "B",
  "1060": "B.",
  "1478": "B",
  "911": "B",
  "865": "C",
  "1515": "D",
  "1546": "A",
  "713": "D",
  "1476": "D",
  "726": "A",
  "1729": "C",
  "1257": "E",
  "1353": "A",
  "1254": "B",
  "1173": "A",
  "1423": "A",
  "1017": "E",
  "696": "B",
  "408": "C",
  "1452": "D",
  "1598": "E",
  "1122": "A",
  "381": "The correct answer is:\n\nA. Black top with sleeves, black yoga pants and purple sports bra, Blue floral dress with short sleeves\n\nThis outfit is the most logical sequence of changing Bernadette Rostenkowski's outfits according to the context provided in the video.",
  "1597": "D. Dark jacket over black top, gray hoodie and ripped jeans, Black short-sleeve top",
  "1126": "C",
  "1566": "B",
  "923": "E",
  "1759": "E",
  "1850": "B",
  "541": "D",
  "1772": "B",
  "971": "B",
  "1007": "A",
  "781": "A",
  "1533": "D",
  "1010": "D",
  "1220": "B",
  "412": "A",
  "1736": "A",
  "1481": "D",
  "841": "D",
  "995": "To determine the correct order of changing outfits for Joey Tribbiani in the video, we need to analyze the given subtitles and identify the sequence of outfit changes that Joey makes.\n\n1. Joey starts with a dark blue button-up shirt with blue jeans.\n2. Joey then gets a bright blue shirt with black leather jacket and blue jeans.\n3. Next, Joey wears a dark purple button-up shirt with gray pants.\n4. Joey then changes into a light gray sweater with blue stripe on sleeves.\n5. Joey wears a black leather jacket and a gray plaid scarf.\n6. Finally, Joey puts on a dark blue button-up shirt with blue jeans and a brown leather jacket.\n\nBased on this analysis, the correct order of changing outfits for Joey Tribbiani is:\n\nA. Dark blue button-up shirt with blue jeans, Bright blue shirt with black leather jacket, and blue jeans, Dark purple button-up shirt with gray pants, Light gray sweater with blue stripe on sleeves, Light gray sweater with blue stripe on sleeves, black leather jacket, and gray plaid scarf, Dark blue button-up shirt with blue jeans and brown leather jacket.\n\nTherefore, the correct option is:\n\nA",
  "1823": "E",
  "409": "E",
  "1618": "A",
  "724": "A",
  "1494": "D",
  "1288": "D",
  "402": "A",
  "674": "A",
  "1129": "D. floral spring dress, blue school uniform with a plaid skirt, Light blue scrubs with a white coat over it.",
  "1667": "A",
  "1377": "A",
  "1182": "B",
  "1324": "B",
  "556": "B",
  "999": "B",
  "671": "D",
  "1142": "A",
  "659": "A",
  "1674": "A",
  "1027": "D",
  "1305": "B",
  "981": "E",
  "1416": "A",
  "1715": "B",
  "1716": "A",
  "1137": "B",
  "602": "E",
  "1352": "B",
  "1373": "A",
  "761": "B",
  "1482": "B",
  "1628": "D",
  "1617": "E",
  "1068": "A",
  "683": "B",
  "829": "A",
  "1107": "A",
  "955": "D",
  "573": "C",
  "455": "E",
  "1272": "B",
  "1347": "B",
  "1337": "A",
  "1224": "A",
  "1409": "A",
  "1844": "A",
  "1605": "C",
  "1846": "A",
  "663": "A",
  "353": "B",
  "1296": "C",
  "742": "D",
  "430": "A",
  "352": "C",
  "668": "B",
  "834": "A",
  "538": "A",
  "1340": "A",
  "1075": "B",
  "794": "D",
  "1179": "D",
  "1065": "C",
  "1052": "E",
  "1693": "A",
  "1178": "B",
  "1180": "B",
  "521": "C",
  "804": "D",
  "1854": "A",
  "1083": "A",
  "1140": "A",
  "707": "B",
  "1707": "To answer this question, let's analyze the context provided and the relevant subtitles in the episode. The primary focus in the episode is on Robin Scherbatsky's experience at Mark's funeral. The subtitles provide various scenarios and interactions that can be interpreted to understand the outfit changes. Here's the breakdown:\n\n1. **Context of the funeral**: The funeral is scheduled for the next day, and it's important to note that Robin is there, but the focus is on the outfit changes.\n2. **Outfit changes**: The subtitles mention different outfits for Robin, each with its own context and significance:\n   - Robin's initial outfit: A black coat over a dark outfit.\n   - A transition to a red blouse with a black vest.\n   - A gray and black patterned long-sleeve top with jeans.\n\nThese outfits seem to be part of Robin's story and are significant in the context of her experience at the funeral.\n\nNow, let's look at the choices provided:\n\nA. Black coat over a dark outfit, Red blouse with a black vest, Gray and black patterned long-sleeve top with jeans.\nB. I don't know\nC. Gray and black patterned long-sleeve top with jeans, Black coat over a dark outfit, Red blouse with a black vest.\nD. Red blouse with a black vest, Black coat over a dark outfit, Gray and black patterned long-sleeve top with jeans.\nE. Black coat over a dark outfit, Gray and black patterned long-sleeve top with jeans, Red blouse with a black vest.\n\nThe correct answer should match the outfit changes mentioned in the subtitles. The initial outfit is a black coat over a dark outfit, followed by a transition to a red blouse with a black vest, and then a gray and black patterned long-sleeve top with jeans.\n\nThus, the correct answer is A. Black coat over a dark outfit, Red blouse with a black vest, Gray and black patterned long-sleeve top with jeans.",
  "885": "A",
  "1627": "A",
  "959": "C",
  "487": "D",
  "336": "A",
  "1858": "A",
  "1368": "D",
  "641": "B",
  "881": "A",
  "793": "E",
  "1609": "B",
  "1435": "A",
  "698": "C",
  "920": "D",
  "1582": "E",
  "1315": "A",
  "1555": "The correct answer is A. White medical scrubs with long-sleeve dark undershirt, black running shorts and a white tank top, purple workout leggings and a pink top.",
  "1201": "E",
  "1815": "C",
  "567": "D",
  "772": "A",
  "1098": "A",
  "1726": "E",
  "1517": "C",
  "1385": "D",
  "803": "D",
  "1807": "A",
  "451": "A",
  "875": "A",
  "1221": "B",
  "1110": "A",
  "373": "A",
  "1146": "A",
  "552": "A",
  "295": "B",
  "982": "A",
  "1541": "A",
  "330": "B",
  "319": "B",
  "1839": "E",
  "453": "E",
  "1793": "D",
  "827": "A",
  "740": "D",
  "605": "A",
  "997": "D",
  "1088": "C. gray sweatpants and a white hoodie, green bikini, Light gray long-sleeve shirt.",
  "1623": "A",
  "1552": "E",
  "616": "D",
  "1865": "A",
  "1057": "E",
  "1493": "D",
  "1633": "D",
  "690": "A",
  "1044": "B",
  "802": "E",
  "661": "A",
  "1544": "A",
  "1301": "E",
  "1223": "A",
  "1153": "B",
  "452": "C",
  "861": "A",
  "1445": "D",
  "506": "A",
  "1394": "B",
  "1703": "B",
  "1375": "A",
  "1311": "E",
  "942": "E",
  "1561": "D",
  "1648": "B",
  "1795": "A",
  "931": "D",
  "1413": "E",
  "351": "A",
  "1162": "A",
  "1401": "A",
  "721": "D",
  "778": "D",
  "897": "A",
  "1450": "A",
  "1038": "E",
  "406": "C",
  "1240": "D",
  "1757": "A",
  "1076": "B",
  "257": "B",
  "1545": "C",
  "667": "A",
  "750": "D. I don't know",
  "1619": "B",
  "1103": "C",
  "1738": "A",
  "1012": "B",
  "305": "A",
  "1449": "A",
  "1688": "C",
  "1502": "D",
  "1843": "A",
  "1030": "D",
  "255": "The correct option for the sequence of changing the outfits for Howard Wolowitz in this video is:\n\nA. Blue turtleneck with black sleeves, Red shirt with horizontal stripes and red pants, silver evening gown\n\nThis sequence of outfits corresponds to the character Howard Wolowitz's appearance in the video as described in the subtitles. The changes in clothing are illustrated by the characters' actions, such as Leonard finding Howard's wallet and Sheldon's responses. The sequence of outfits is not mentioned in the subtitles, but it is inferred from the context of the video where Howard is seen in a blue turtleneck with black sleeves, wearing a red shirt with horizontal stripes and red pants, and then changing into a silver evening gown. This sequence is the basis for the correct answer.",
  "524": "A",
  "1537": "A",
  "871": "E",
  "1391": "D",
  "637": "B",
  "850": "D",
  "1214": "E",
  "355": "A",
  "792": "E",
  "1274": "A",
  "704": "D",
  "320": "D",
  "978": "C",
  "1255": "C",
  "1842": "A",
  "527": "D",
  "870": "A",
  "1512": "A",
  "1118": "A",
  "1155": "A",
  "377": "A",
  "954": "D",
  "699": "A",
  "1388": "A",
  "1631": "B",
  "495": "B",
  "1430": "B",
  "1192": "B",
  "1861": "D",
  "515": "D",
  "1280": "A",
  "1871": "A",
  "643": "D",
  "475": "D",
  "488": "B",
  "1297": "D",
  "533": "A",
  "529": "D",
  "1056": "A",
  "1040": "A",
  "975": "D",
  "474": "D",
  "1799": "C",
  "1184": "E",
  "1359": "A",
  "467": "E",
  "1518": "B",
  "714": "B",
  "1382": "D",
  "1523": "D",
  "1504": "E",
  "1245": "A",
  "385": "E",
  "799": "E",
  "687": "B",
  "1577": "C",
  "447": "D",
  "1833": "B",
  "892": "C",
  "1033": "E",
  "766": "A",
  "1415": "E",
  "307": "E",
  "561": "B",
  "1601": "A",
  "849": "A",
  "1384": "I",
  "422": "A",
  "315": "C",
  "1350": "B",
  "1741": "C",
  "425": "A",
  "645": "B",
  "1328": "A",
  "889": "A",
  "1510": "C",
  "1684": "A",
  "1125": "B",
  "1105": "E",
  "513": "C",
  "1830": "A",
  "391": "B",
  "1484": "A",
  "662": "A",
  "908": "E",
  "1810": "A",
  "1869": "A",
  "733": "B",
  "1004": "B",
  "1047": "A",
  "416": "D",
  "820": "E",
  "378": "C",
  "1237": "E",
  "1626": "C",
  "448": "A",
  "1584": "D",
  "417": "C",
  "1014": "B",
  "1465": "A",
  "559": "D",
  "1711": "B",
  "1565": "C",
  "949": "B",
  "465": "A",
  "1032": "A",
  "1506": "D",
  "1640": "A",
  "1489": "E",
  "1238": "B",
  "520": "B",
  "1712": "D",
  "374": "B",
  "1805": "A",
  "1172": "A",
  "622": "A",
  "1376": "B",
  "855": "D",
  "1439": "B",
  "569": "A",
  "518": "C",
  "898": "A",
  "1247": "A",
  "950": "A",
  "269": "C",
  "407": "E",
  "701": "D",
  "546": "E",
  "910": "A",
  "656": "A",
  "692": "B",
  "1547": "A",
  "630": "B",
  "486": "A",
  "632": "D",
  "1700": "A",
  "1635": "A",
  "1078": "D. Dark blue button-up shirt with subtle stripes, paired with dark pants., White lab coat over a blue dress shirt and a patterned tie., black running shorts and a white tank top",
  "563": "A",
  "1538": "E",
  "984": "B",
  "1800": "A",
  "684": "B",
  "1379": "A",
  "588": "B",
  "998": "C. I don't know",
  "587": "D",
  "1778": "B",
  "1355": "D",
  "415": "B",
  "1093": "A",
  "1532": "B",
  "1804": "A",
  "694": "A",
  "1774": "B",
  "1431": "A",
  "604": "B. Green long-sleeve shirt with colorful, flowing shawl., Gray knitted robe over a dark outfit., Red long-sleeve hoodie over a black t-shirt with text.",
  "1681": "A",
  "1249": "A",
  "619": "E",
  "1013": "A",
  "944": "B",
  "313": "D",
  "1349": "E",
  "1791": "A",
  "1454": "A",
  "1285": "A",
  "1852": "A",
  "316": "E",
  "1829": "A",
  "314": "D",
  "1099": "A",
  "1486": "E",
  "1402": "A",
  "1838": "D",
  "1205": "A",
  "510": "A",
  "813": "C",
  "1806": "A",
  "1649": "A",
  "306": "B",
  "856": "C",
  "996": "D",
  "800": "A",
  "1271": "B",
  "1705": "B",
  "382": "C",
  "582": "A",
  "394": "A",
  "1870": "A",
  "292": "D",
  "322": "B",
  "1797": "B",
  "1862": "A",
  "1683": "E",
  "1557": "A",
  "1042": "A",
  "1369": "E",
  "1177": "A",
  "1332": "B",
  "1392": "A",
  "1549": "A",
  "1632": "A",
  "1621": "A",
  "1727": "A",
  "442": "E",
  "1029": "E",
  "1519": "A",
  "272": "B",
  "771": "B",
  "1138": "A",
  "1824": "A",
  "1657": "A",
  "301": "C",
  "1095": "C",
  "354": "C",
  "983": "C",
  "960": "A",
  "1767": "A",
  "1165": "A",
  "1234": "D",
  "1396": "A",
  "424": "A",
  "741": "D",
  "926": "A",
  "1745": "B",
  "530": "C",
  "1072": "D",
  "631": "A",
  "1559": "To determine the correct sequence of outfits Dr. James Wilson wears, we need to follow the subtitles and context information provided. Here's a step-by-step breakdown:\n\n1. Identify the context in which Dr. James Wilson is mentioned:\n   - The context is a series of dialogues and subtitles that describe a tense and confrontational situation involving Dr. James Wilson, a doctor, and a group of individuals. The primary focus is on the conflict and the decision to take a bunch of sick people hostage.\n\n2. Analyze the sequence of outfits mentioned in the context:\n   - The context mentions several outfits, but we need to find the correct sequence that fits the context. The correct sequence should reflect the typical attire of a doctor in a professional setting.\n\n3. Compare the options provided:\n   - Option A: White coat over a shirt with a red and white striped tie, Dark suit with a shirt and a red and white striped tie.\n   - Option B: White coat over a shirt with a red and white striped tie, Dark suit with a shirt and a red and white striped tie, blue jeans and a white sweater.\n   - Option C: I don't know.\n   - Option D: blue jeans and a white sweater, White coat over a shirt with a red and white striped tie, Dark suit with a shirt and a red and white striped tie.\n   - Option E: blue jeans and a white sweater, Dark suit with a shirt and a red and white striped tie, White coat over a shirt with a red and white striped tie.\n\n4. Evaluate each option based on the context:\n   - Option A: The white coat over a shirt with a red and white striped tie, followed by a dark suit with a shirt and a red and white striped tie, seems plausible as a doctor's attire in a professional setting.\n   - Option B: This includes blue jeans and a white sweater, which is not typically associated with a doctor's attire.\n   - Option C: This option is not correct because it mentions \"I don't know,\" which is not a valid answer.\n   - Option D: This includes blue jeans and a white sweater, which is not typical for a doctor.\n   - Option E: This includes blue jeans and a white sweater, which is not typical for a doctor.\n\n5. Choose the correct option based on the context and the attire of a doctor:\n   - The correct answer is Option A, as it matches the typical attire of a doctor in a professional setting.\n\nTherefore, the correct answer is \\boxed{A}.",
  "1562": "A",
  "635": "D",
  "1488": "A",
  "1455": "D",
  "383": "A",
  "1589": "B",
  "1273": "C",
  "599": "C",
  "1569": "B",
  "693": "B",
  "1406": "A",
  "1611": "E",
  "1412": "E",
  "1011": "A",
  "494": "E",
  "1035": "D",
  "912": "B",
  "1025": "A",
  "1286": "A",
  "1326": "E",
  "768": "D",
  "372": "A",
  "1470": "A",
  "1622": "B",
  "1191": "A",
  "1111": "D",
  "333": "C",
  "1367": "A",
  "842": "A",
  "1615": "C",
  "1006": "A",
  "1717": "B",
  "1048": "A",
  "1422": "E",
  "1080": "A",
  "798": "B",
  "715": "A",
  "1336": "A",
  "1817": "B",
  "647": "A",
  "953": "A",
  "1531": "C",
  "1365": "A",
  "274": "A",
  "555": "E",
  "755": "A",
  "685": "E",
  "808": "B",
  "547": "A",
  "1167": "A",
  "1427": "D",
  "916": "E",
  "657": "C",
  "1135": "A",
  "818": "To determine the correct sequence of outfits Lanie Parish wears in the video, we need to carefully analyze the context provided for each outfit and match it with the relevant scenes and moments in the video.\n\nLet's go through the options step by step:\n\n**Option A: black cocktail dress, Red top with dark lanyard and ID badge, Yellow blazer with a patterned blue and white blouse**\n\n- **Black cocktail dress**: This outfit is not mentioned in the context of any scene or moment in the video.\n- **Red top with dark lanyard and ID badge**: This outfit could be seen as part of an activity or event, but it is not directly relevant to the context provided in the video.\n- **Yellow blazer with a patterned blue and white blouse**: This outfit does not appear in any scene or moment in the video.\n\n**Option B: Red top with dark lanyard and ID badge, Yellow blazer with a patterned blue and white blouse, black cocktail dress**\n\n- **Red top with dark lanyard and ID badge**: This outfit is not mentioned in any scene or moment in the video.\n- **Yellow blazer with a patterned blue and white blouse**: This outfit does not appear in any scene or moment in the video.\n- **Black cocktail dress**: This outfit is not mentioned in any scene or moment in the video.\n\n**Option C: I don't know**\n\n- This option provides no information about the correct sequence of outfits. \n\n**Option D: Yellow blazer with a patterned blue and white blouse, Red top with dark lanyard and ID badge**\n\n- **Yellow blazer with a patterned blue and white blouse**: This outfit does not appear in any scene or moment in the video.\n- **Red top with dark lanyard and ID badge**: This outfit is not mentioned in any scene or moment in the video.\n\n**Option E: Yellow blazer with a patterned blue and white blouse, black cocktail dress, Red top with dark lanyard and ID badge**\n\n- **Yellow blazer with a patterned blue and white blouse**: This outfit does not appear in any scene or moment in the video.\n- **Black cocktail dress**: This outfit is not mentioned in any scene or moment in the video.\n- **Red top with dark lanyard and ID badge**: This outfit is not mentioned in any scene or moment in the video.\n\nAfter analyzing the context provided for each outfit and the scenes in the video, none of the options A, B, C, D, or E correctly describe the sequence of outfits Lanie Parish wears in the video. Therefore, the correct answer is:\n\n\\boxed{\\text{C}}",
  "1174": "A",
  "1045": "E",
  "398": "A",
  "624": "B",
  "1821": "D",
  "1256": "E",
  "1252": "A",
  "963": "A",
  "979": "A",
  "760": "D",
  "990": "A",
  "1448": "B",
  "1399": "A",
  "1059": "B. I don't know",
  "1828": "D",
  "858": "A",
  "1753": "A",
  "1278": "A",
  "1289": "A",
  "554": "B",
  "739": "A",
  "1556": "E",
  "577": "A",
  "509": "A",
  "264": "B",
  "1023": "C",
  "459": "A",
  "1217": "D",
  "356": "E",
  "943": "D",
  "389": "A",
  "549": "C",
  "1233": "A",
  "1263": "E",
  "921": "E",
  "899": "The correct answer is:\n\nB. Dark patterned spaghetti strap dress with black necklace and ring, Sleeveless blue denim top with black skirt, Light teal long-sleeve top with white detailing along neckline and black bottom\n\nThe order of changing the outfits for Rachel Green in this video is as follows:\n\n1. Dark patterned spaghetti strap dress with black necklace and ring\n2. Sleeveless blue denim top with black skirt\n3. Light teal long-sleeve top with white detailing along neckline and black bottom",
  "534": "C",
  "763": "D",
  "1106": "A",
  "1400": "A",
  "564": "A",
  "940": "A",
  "433": "E",
  "773": "E",
  "805": "B",
  "586": "B",
  "795": "D",
  "558": "C",
  "609": "B",
  "594": "C",
  "888": "B",
  "516": "A",
  "1548": "E",
  "846": "B",
  "1343": "C",
  "968": "A",
  "1169": "A",
  "1251": "C",
  "1834": "E",
  "879": "A",
  "852": "A",
  "1603": "A",
  "1659": "A",
  "1728": "B",
  "1653": "E",
  "1113": "A",
  "485": "C",
  "1765": "A",
  "840": "D",
  "974": "D",
  "1398": "C",
  "1024": "D",
  "845": "B",
  "1313": "B",
  "503": "E",
  "1686": "A",
  "1587": "B",
  "445": "D",
  "287": "A",
  "1599": "D",
  "1536": "D",
  "280": "A",
  "836": "A",
  "1750": "A",
  "1669": "B",
  "664": "A",
  "1314": "D",
  "1022": "D",
  "1534": "B",
  "1789": "C",
  "1310": "E",
  "1864": "E",
  "1558": "C",
  "480": "A",
  "1166": "B",
  "312": "E",
  "1656": "E",
  "1157": "D",
  "1625": "A",
  "1364": "B",
  "1479": "B",
  "601": "A",
  "1197": "A",
  "1410": "B",
  "325": "C",
  "326": "D",
  "1459": "D",
  "1590": "B",
  "478": "A",
  "536": "A",
  "655": "B",
  "428": "A",
  "1036": "E",
  "449": "A",
  "296": "C",
  "427": "C",
  "461": "E",
  "591": "B",
  "835": "E",
  "1699": "A",
  "812": "D",
  "1018": "A",
  "814": "B",
  "557": "A. I don't know",
  "1679": "B",
  "1287": "D",
  "1595": "B",
  "1136": "A",
  "1624": "A",
  "1744": "C",
  "1317": "C",
  "1304": "D",
  "1755": "B",
  "857": "A",
  "1181": "A",
  "1781": "C",
  "329": "D",
  "1312": "A",
  "456": "A",
  "522": "C",
  "531": "E",
  "1000": "A",
  "1150": "E",
  "929": "D",
  "535": "C",
  "1236": "A",
  "862": "A",
  "957": "D",
  "1542": "E",
  "1642": "B",
  "434": "E",
  "1724": "B",
  "388": "D",
  "1522": "A",
  "1186": "B. black suit and tie, Black top with lace details, purple workout leggings and a pink top",
  "1521": "A",
  "254": "A",
  "1397": "A",
  "482": "C",
  "359": "A",
  "967": "D",
  "426": "A",
  "1472": "D",
  "1046": "E",
  "341": "A",
  "1723": "A",
  "1857": "D",
  "511": "A",
  "1645": "A",
  "727": "A",
  "1663": "E",
  "832": "A",
  "1372": "C",
  "1644": "E",
  "348": "A",
  "1405": "B",
  "268": "D",
  "691": "C",
  "464": "B",
  "744": "D",
  "1049": "A",
  "479": "A",
  "361": "A",
  "1109": "A",
  "1351": "E",
  "914": "B",
  "1041": "C",
  "484": "B",
  "807": "C",
  "1735": "A",
  "1112": "A",
  "1363": "A",
  "282": "E",
  "1386": "A",
  "905": "A",
  "697": "B",
  "1673": "D",
  "964": "A",
  "1309": "A",
  "1689": "E",
  "1215": "A",
  "1704": "E",
  "1796": "E",
  "1691": "D",
  "1665": "A",
  "873": "D",
  "876": "C",
  "1721": "C",
  "965": "D",
  "851": "E",
  "1145": "A",
  "1529": "A",
  "880": "B",
  "457": "E",
  "1820": "C",
  "308": "D",
  "490": "C",
  "357": "D",
  "883": "A",
  "369": "E",
  "1508": "E",
  "1067": "B",
  "493": "A",
  "1780": "B",
  "302": "A",
  "1694": "A",
  "499": "E",
  "537": "D",
  "1360": "A",
  "1325": "E",
  "514": "The correct answer is A.",
  "1825": "A",
  "1600": "A",
  "904": "A",
  "1458": "B",
  "770": "A",
  "1241": "D",
  "1393": "D",
  "362": "E",
  "1235": "A",
  "532": "E",
  "1809": "B",
  "349": "A",
  "1731": "A",
  "1437": "D",
  "327": "E",
  "1469": "B",
  "1461": "The correct answer is B.",
  "1866": "A",
  "497": "A",
  "680": "B",
  "1826": "B",
  "466": "B",
  "823": "C. Black ribbed long-sleeve top with buttoned collar., black yoga pants and a pink tank top, Black jacket over a shirt.",
  "1647": "D",
  "767": "A",
  "1580": "B",
  "1770": "A",
  "1607": "D",
  "817": "D",
  "1813": "A",
  "540": "A",
  "1811": "B",
  "890": "A",
  "1467": "A",
  "1752": "A",
  "617": "B",
  "886": "B",
  "414": "B",
  "1516": "E",
  "1194": "E",
  "677": "A",
  "1604": "E",
  "915": "A",
  "1212": "A",
  "1675": "A",
  "1841": "A",
  "1270": "A",
  "1652": "A",
  "443": "A",
  "1638": "B",
  "1525": "A",
  "1429": "D",
  "1163": "A",
  "702": "A",
  "384": "E",
  "463": "B",
  "615": "A",
  "722": "A",
  "1195": "A",
  "884": "B",
  "1585": "A",
  "1362": "A",
  "1079": "E",
  "1777": "D",
  "731": "A",
  "1193": "A",
  "868": "A",
  "1586": "D",
  "1690": "C",
  "462": "E",
  "1242": "B",
  "1740": "B",
  "848": "D",
  "1670": "A",
  "1354": "B",
  "1578": "B",
  "1579": "A",
  "1491": "D",
  "1320": "D",
  "441": "B",
  "294": "D",
  "1514": "A",
  "1801": "B",
  "1743": "E",
  "903": "C",
  "1629": "B",
  "934": "B",
  "901": "B",
  "1769": "A",
  "1737": "C",
  "821": "D",
  "1451": "B",
  "629": "B",
  "1594": "D",
  "304": "B",
  "1784": "C. Hospital gown and neck brace, green bikini, silver evening gown",
  "1164": "A",
  "1696": "B",
  "1424": "E",
  "1661": "A",
  "1043": "A",
  "1264": "B",
  "1610": "A",
  "1771": "A",
  "1228": "E",
  "1814": "A",
  "1425": "B",
  "331": "B",
  "1553": "B",
  "1441": "E",
  "1171": "B",
  "468": "A",
  "706": "A",
  "927": "B",
  "976": "A",
  "825": "A",
  "819": "D",
  "1456": "E",
  "1720": "A",
  "473": "E",
  "358": "D",
  "1119": "A",
  "779": "A",
  "1606": "A",
  "1567": "A",
  "962": "D",
  "436": "D",
  "1836": "A",
  "1411": "C",
  "1428": "B",
  "717": "E",
  "896": "A",
  "1277": "E",
  "1460": "C",
  "966": "C",
  "1128": "B",
  "782": "B",
  "756": "B",
  "1130": "D. red swimsuit, yellow raincoat, Light blue scrubs with a white undershirt.\nIn the context of the given subtitles, the stage of Dr. Meredith Grey's outfit changes is described as \"red swimsuit, yellow raincoat, Light blue scrubs with a white undershirt.\" This sequence seems to be the typical outfit for Dr. Grey in the hospital setting, as it includes elements that are often associated with medical and hospital attire.",
  "501": "C",
  "261": "A",
  "718": "E",
  "1775": "E",
  "614": "E",
  "729": "D",
  "1420": "B",
  "941": "B",
  "1760": "A",
  "1161": "D",
  "682": "C",
  "256": "A",
  "1104": "B",
  "360": "D",
  "1218": "B",
  "1697": "B",
  "285": "A",
  "618": "A",
  "1158": "D",
  "1284": "A",
  "390": "A",
  "437": "B",
  "922": "A",
  "565": "E",
  "1226": "A",
  "1685": "D",
  "1230": "D",
  "1758": "B",
  "1276": "B",
  "1053": "B",
  "633": "B",
  "1260": "A",
  "562": "D",
  "1540": "C",
  "712": "A",
  "271": "D",
  "365": "C",
  "539": "B",
  "418": "E",
  "1316": "A",
  "710": "A",
  "392": "D",
  "1592": "A",
  "728": "B",
  "519": "A",
  "1444": "B",
  "318": "B",
  "991": "D",
  "1283": "B.",
  "1501": "B",
  "1417": "A",
  "1680": "E",
  "528": "E",
  "700": "A",
  "612": "B",
  "621": "A",
  "1827": "E",
  "810": "A",
  "350": "D",
  "507": "C",
  "1290": "D",
  "596": "B",
  "502": "D",
  "783": "A",
  "1115": "A",
  "872": "B",
  "504": "C",
  "1822": "E",
  "1028": "C",
  "1244": "D. White medical coat, Brown sweater with a collar, Light blue medical scrubs",
  "1295": "B",
  "716": "E",
  "1279": "A",
  "1671": "A",
  "1662": "A",
  "1403": "B",
  "1568": "D",
  "1446": "A",
  "1335": "E",
  "1596": "B",
  "945": "C",
  "1395": "A",
  "708": "A",
  "1539": "E",
  "300": "D",
  "1334": "D",
  "1308": "B",
  "393": "E",
  "1779": "A",
  "1231": "D",
  "863": "D",
  "1457": "A",
  "1608": "D",
  "854": "D",
  "878": "A",
  "1860": "A",
  "1650": "A",
  "1117": "A",
  "1259": "A",
  "1187": "B",
  "1323": "A",
  "610": "D",
  "1275": "A",
  "1358": "E",
  "403": "D",
  "1070": "B",
  "411": "D",
  "579": "B",
  "1160": "B",
  "339": "C",
  "1081": "D. Multicolored striped top with deep neckline and long sleeves paired with dark pants or skirt., purple loungewear set, Black outerwear with a hint of a blue top underneath.",
  "1639": "A",
  "1677": "A",
  "628": "The correct answer is D. white t-shirt and khaki shorts, black evening gown, Dark blue buttoned top.",
  "420": "B",
  "566": "B",
  "847": "B",
  "544": "B",
  "1591": "B",
  "1086": "B. Brown long coat with a dark shirt and a plaid tie, yellow sundress, Brown coat with a blue sweater underneath and a white shirt",
  "571": "B",
  "1175": "A",
  "1564": "B",
  "309": "E",
  "1063": "D",
  "939": "B",
  "1654": "B",
  "1676": "A",
  "1116": "B",
  "837": "E",
  "1505": "C",
  "1407": "D",
  "523": "C",
  "1660": "A",
  "634": "A",
  "749": "A",
  "303": "B",
  "1282": "E",
  "400": "C"
}