{
  "10283": "B",
  "10392": "D",
  "10770": "B",
  "11009": "C",
  "10475": "D",
  "11025": "A",
  "10598": "E",
  "10405": "A",
  "10288": "A",
  "10530": "D",
  "10836": "A",
  "10418": "B",
  "10831": "B",
  "10866": "A",
  "10693": "E",
  "10599": "B",
  "10677": "D",
  "11043": "E",
  "10220": "E",
  "10762": "A",
  "10565": "A",
  "10766": "B",
  "10298": "C",
  "10519": "A",
  "10730": "E",
  "10229": "A",
  "11034": "B",
  "10485": "A",
  "10284": "A",
  "10625": "E",
  "10846": "B",
  "10393": "B",
  "10871": "E",
  "10491": "A",
  "11040": "A",
  "10883": "E",
  "10248": "D",
  "11020": "B",
  "10597": "D",
  "10941": "D",
  "10235": "E",
  "10497": "D",
  "10446": "A",
  "10308": "A",
  "10686": "D",
  "10578": "A",
  "10590": "A",
  "10355": "D",
  "10937": "E",
  "10407": "The correct answer is D. cole's house, forest, restaurant, station, home, home, PI's office, eva's kitchen, cole's house",
  "10488": "C",
  "10212": "C",
  "10911": "B",
  "10697": "To determine the correct sequence of scene transitions after the event \"Team discovers Annette is Harvey’s dominatrix,\" we need to carefully analyze the provided subtitles and context. The key here is to identify the scene changes that logically follow the discovery of Annette being Harvey’s dominatrix.\n\nHere’s the breakdown:\n\n1. **Discovery of Dominatrix**: The scene immediately transitions to the discovery of Annette being Harvey’s dominatrix. This is a significant event and likely marks the beginning of a new scene focused on Harvey and Annette’s relationship.\n\n2. **Immediate Context**: Following the discovery, the scene shifts to the hospital and the medical investigations into Harvey's condition. This transition indicates that the focus is now on the medical and personal dynamics of Harvey and Annette.\n\n3. **Medical Procedures**: The subtitles describe various medical procedures such as angiograms, E.M.G., and other diagnostic tests. This transition is a logical continuation of the medical investigation into Harvey's condition and the relationship with Annette.\n\n4. **Relationship Dynamics**: The subtitles also touch on the dynamics of Harvey and Annette, including their interactions, the challenges they face, and the emotional turmoil they experience. This transition shows the progression from the discovery to the ongoing investigation and conflict.\n\n5. **Conclusion**: The final scene transitions to the resolution of the crisis, emphasizing the medical and emotional aspects of Harvey’s condition and the relationship with Annette.\n\nGiven this sequence, the correct option that follows the discovery of Annette being Harvey’s dominatrix is:\n\n**E. Cuddy's office, Cuddy's office, surgery, House talking to Chase, Chase and Cameron calling different families, Chase and Cameron in Harvey's apartment, surgery, Harvey's room, House and Wilson at Diagnostics, Harvey's room, Harvey's room, clinic, surgery**\n\nThis option outlines the logical sequence of transitions from the discovery to the medical investigations, the relationship dynamics, and the resolution of the crisis.",
  "10208": "B",
  "10840": "A",
  "10857": "B",
  "10264": "A",
  "11011": "D",
  "10798": "A",
  "10293": "A",
  "10708": "A",
  "10655": "A",
  "10837": "B",
  "10423": "B",
  "10893": "D",
  "10526": "A",
  "10547": "A",
  "10758": "A",
  "10445": "A",
  "10940": "B",
  "10803": "D",
  "10209": "D",
  "10630": "A",
  "10653": "B",
  "10972": "A",
  "10200": "A",
  "10906": "B",
  "10714": "A",
  "10231": "D",
  "10242": "C",
  "10262": "A",
  "11035": "A",
  "10767": "B",
  "10566": "B",
  "10572": "The correct answer is B. Incubator - Kate and Charlotte, SGH observation gallery, Burke's apartment, Townhouse living room.",
  "10499": "B",
  "10607": "A",
  "10506": "A",
  "11004": "D",
  "10905": "B",
  "10585": "A",
  "10384": "D",
  "10558": "A",
  "10744": "B",
  "10664": "B",
  "10710": "A",
  "10341": "B",
  "10309": "A",
  "10782": "B",
  "10359": "B",
  "10375": "E",
  "10662": "A",
  "10335": "D",
  "10921": "A",
  "10706": "D",
  "10507": "E",
  "10738": "A",
  "10702": "D",
  "10971": "A",
  "10896": "B",
  "10462": "B",
  "10713": "A",
  "10321": "B",
  "10728": "A",
  "10317": "B",
  "10227": "A",
  "10891": "A",
  "10420": "C. river, studio, missing persons bureau",
  "10295": "A",
  "10939": "B",
  "10271": "E",
  "10562": "A",
  "10736": "D",
  "10761": "E",
  "10722": "E",
  "10884": "E",
  "10504": "B",
  "10648": "D",
  "10859": "A",
  "10386": "B",
  "10787": "B",
  "10765": "A",
  "10633": "A",
  "10513": "B",
  "10427": "A",
  "10483": "E",
  "10561": "A",
  "10852": "B",
  "10923": "A",
  "10802": "A",
  "10539": "E",
  "11030": "E",
  "10314": "A",
  "10704": "D",
  "10869": "E",
  "10773": "A",
  "10372": "A",
  "10912": "D",
  "10793": "B",
  "11054": "A",
  "10610": "E",
  "10554": "C",
  "10577": "A",
  "10274": "A",
  "11041": "B",
  "10623": "A",
  "10245": "B",
  "10734": "D",
  "10425": "The chronological order of scenes transition in the video after the event 'A body is found in the East River, identified as Wallace Williger, CEO of Williger Toys' is:\n\nA. castle home, missing persons bureau, montreal-global bank, precinct, brooklyn coffee shop, precinct, workplace, montreal, brooklyn warehouse",
  "10781": "C",
  "10743": "B",
  "10228": "E",
  "10306": "A",
  "10320": "B",
  "10729": "D",
  "10942": "D",
  "10206": "D",
  "10959": "E",
  "10970": "B",
  "10718": "A",
  "11022": "E",
  "10432": "B",
  "10555": "A",
  "10464": "E",
  "10277": "A",
  "10324": "A",
  "10515": "D",
  "10629": "E",
  "10748": "B",
  "10775": "E",
  "10224": "A",
  "10915": "A",
  "10452": "A",
  "10614": "C",
  "10670": "C",
  "11005": "E",
  "10260": "B",
  "10828": "B",
  "10473": "B",
  "10889": "B",
  "10241": "B",
  "11049": "D",
  "10990": "A",
  "10300": "A",
  "10595": "A",
  "10608": "A",
  "10606": "B",
  "10559": "B",
  "10426": "B",
  "10835": "A",
  "10976": "B",
  "10717": "E",
  "10573": "B",
  "10272": "B",
  "10496": "C",
  "10297": "A",
  "10699": "A",
  "10949": "D",
  "10794": "B",
  "10703": "A",
  "10903": "C",
  "10969": "A",
  "10279": "D",
  "10301": "A",
  "10934": "B",
  "10872": "A",
  "10845": "E",
  "10249": "B",
  "10441": "A",
  "10933": "A",
  "10961": "B",
  "10334": "B. Matthew's Apartment, Police Station, City Morgue, Dental Clinic, Vampire Coven, Graveyard, Cemetery, Daemon's Apartment, Imaginary Vending Machine Area",
  "10357": "A",
  "10808": "A",
  "10261": "A",
  "11007": "A",
  "10338": "D",
  "10873": "A",
  "10851": "A",
  "11051": "A",
  "11019": "C",
  "10909": "B",
  "10800": "A",
  "10589": "A",
  "10541": "A",
  "10564": "E",
  "10567": "The scenes transition in this video before the event \"The interns offer Izzie comfort after Emily’s death\" from various locations including the hospital hallway, Quints' room, SGH staff locker room, Patient room, Elevator, Dorie's patient room, OR scrub room, Front of hospital, SGH Hallway, Patient room, Mr. Murphy, Open ward, Bailey and group, Prisoner's room, Burke's apartment, Quints' room, Dorie and Tom, Hospital stairway, Quints' room, Julie, SGH staff locker room, Quints' room, Charlotte and Lucy, Patient room, Carl Murphy, Elevator, Dorie's patient room, OR scrub room, Quints' room, Julie, SGH staff locker room, Quints' room, Charlotte and Lucy, Patient room, Carl Murphy, Quints' room, Dorie and Tom, Quints' room, Julie, SGH staff locker room, Quints' room, Charlotte and Lucy, Patient room, Carl Murphy, Quints' room, Dorie and Tom, Quints' room, Julie, SGH staff locker room, Quints' room, Charlotte and Lucy, Patient room, Carl Murphy, Quints' room, Dorie and Tom, Quints' room, Julie, SGH staff locker room, Quints' room, Charlotte and Lucy, Patient room, Carl Murphy, Quints' room, Dorie and Tom, Quints' room, Julie, SGH staff locker room, Quints' room, Charlotte and Lucy, Patient room, Carl Murphy, Quints' room, Dorie and Tom, Quints' room, Julie, SGH staff locker room, Quints' room, Charlotte and Lucy, Patient room, Carl Murphy, Quints' room, Dorie and Tom, Quints' room, Julie, SGH staff locker room, Quints' room, Charlotte and Lucy, Patient room, Carl Murphy, Quints' room, Dorie and Tom, Quints' room, Julie, SGH staff locker room, Quints' room, Charlotte and Lucy, Patient room, Carl Murphy, Quints' room, Dorie and Tom, Quints' room, Julie, SGH staff locker room, Quints' room, Charlotte and Lucy, Patient room, Carl Murphy, Quints' room, Dorie and Tom, Quints' room, Julie, SGH staff locker room, Quints' room, Charlotte and Lucy, Patient room, Carl Murphy, Quints' room, Dorie and Tom, Quints' room, Julie, SGH staff locker room, Quints' room, Charlotte and Lucy, Patient room, Carl Murphy, Quints' room, Dorie and Tom, Quints' room, Julie, SGH staff locker room, Quints' room, Charlotte and Lucy, Patient room, Carl Murphy, Quints' room, Dorie and Tom, Quints' room, Julie, SGH staff locker room, Quints' room, Charlotte and Lucy, Patient room, Carl Murphy, Quints' room, Dorie and Tom, Quints' room, Julie, SGH staff locker room, Quints' room, Charlotte and Lucy, Patient room, Carl Murphy, Quints' room, Dorie and Tom, Quints' room, Julie, SGH staff locker room, Quints' room, Charlotte and Lucy, Patient room, Carl Murphy, Quints' room, Dorie and Tom, Quints' room, Julie, SGH staff locker room, Quints' room, Charlotte and Lucy, Patient room, Carl Murphy, Quints' room, Dorie and Tom, Quints' room, Julie, SGH staff locker room, Quints' room, Charlotte and Lucy, Patient room, Carl Murphy, Quints' room, Dorie and Tom, Quints' room, Julie, SGH staff locker room, Quints' room, Charlotte and Lucy, Patient room, Carl Murphy, Quints' room, Dorie and Tom, Quints' room, Julie, SGH staff locker room, Quints' room, Charlotte and Lucy, Patient room, Carl Murphy, Quints' room, Dorie and Tom, Quints' room, Julie, SGH staff locker room, Quints' room, Charlotte and Lucy, Patient room, Carl Murphy, Quints' room, Dorie and Tom, Quints' room, Julie, SGH staff locker room, Quints' room, Charlotte and Lucy, Patient room, Carl Murphy, Quints' room, Dorie and Tom, Quints' room, Julie, SGH staff locker room, Quints' room, Charlotte and Lucy, Patient room, Carl Murphy, Quints' room, Dorie and Tom, Quints' room, Julie, SGH staff locker room, Quints' room, Charlotte and Lucy, Patient room, Carl Murphy, Quints' room, Dorie and Tom, Quints' room, Julie, SGH staff locker room, Quints' room, Charlotte and Lucy, Patient room, Carl Murphy, Quints' room, Dorie and Tom, Quints' room, Julie, SGH staff locker room, Quints' room, Charlotte and Lucy, Patient room, Carl Murphy, Quints' room, Dorie and Tom, Quints' room, Julie, SGH staff locker room, Quints' room, Charlotte and Lucy, Patient room, Carl Murphy, Quints' room, Dorie and Tom, Quints' room, Julie, SGH staff locker room, Quints' room, Charlotte and Lucy, Patient room, Carl Murphy, Quints' room, Dorie and Tom, Quints' room, Julie, SGH staff locker room, Quints' room, Charlotte and Lucy, Patient room, Carl Murphy, Quints' room, Dorie and Tom, Quints' room, Julie, SGH staff locker room, Quints' room, Charlotte and Lucy, Patient room, Carl Murphy, Quints' room, Dorie and Tom, Quints' room, Julie, SGH staff locker room, Quints' room, Charlotte and Lucy, Patient room, Carl Murphy, Quints' room, Dorie and Tom, Quints' room, Julie, SGH staff locker room, Quints' room, Charlotte and Lucy, Patient room, Carl Murphy, Quints' room, Dorie and Tom, Quints' room, Julie, SGH staff locker room, Quints' room, Charlotte and Lucy, Patient room, Carl Murphy, Quints' room, Dorie and Tom, Quints' room, Julie, SGH staff locker room, Quints' room, Charlotte and Lucy, Patient room, Carl Murphy, Quints' room, Dorie and Tom, Quints' room, Julie, SGH staff locker room, Quints' room, Charlotte and Lucy, Patient room, Carl Murphy, Quints' room, Dorie and Tom, Quints' room, Julie, SGH staff locker room, Quints' room, Charlotte and Lucy, Patient room, Carl Murphy, Quints' room, Dorie and Tom, Quints' room, Julie, SGH staff locker room, Quints' room, Charlotte and Lucy, Patient room, Carl Murphy, Quints' room, Dorie and Tom, Quints' room, Julie, SGH staff locker room, Quints' room, Charlotte and Lucy, Patient room, Carl Murphy, Quints' room, Dorie and Tom, Quints' room, Julie, SGH staff locker room, Quints' room, Charlotte and Lucy, Patient room, Carl Murphy, Quints' room, Dorie and Tom, Quints' room, Julie, SGH staff locker room, Quints' room, Charlotte and Lucy, Patient room, Carl Murphy, Quints' room, Dorie and Tom, Quints' room, Julie, SGH staff locker room, Quints' room, Charlotte and Lucy, Patient room, Carl Murphy, Quints' room, Dorie and Tom, Quints' room, Julie, SGH staff locker room, Quints' room, Charlotte and Lucy, Patient room, Carl Murphy, Quints' room, Dorie and Tom, Quints' room, Julie, SGH staff locker room, Quints' room, Charlotte and Lucy, Patient room, Carl Murphy, Quints' room, Dorie and Tom, Quints' room, Julie, SGH staff locker room, Quints' room, Charlotte and Lucy, Patient room, Carl Murphy, Quints' room, Dorie and Tom, Quints' room, Julie, SGH staff locker room, Quints' room, Charlotte and Lucy, Patient room, Carl Murphy, Quints' room, Dorie and Tom, Quints' room, Julie, SGH staff locker room, Quints' room, Charlotte and Lucy, Patient room, Carl Murphy, Quints' room, Dorie and Tom, Quints' room, Julie, SGH staff locker room, Quints' room, Charlotte and Lucy, Patient room, Carl Murphy, Quints' room, Dorie and Tom, Quints' room, Julie, SGH staff locker room, Quints' room, Charlotte and Lucy, Patient room, Carl Murphy, Quints' room, Dorie and Tom, Quints' room, Julie, SGH staff locker room, Quints' room, Charlotte and Lucy, Patient room, Carl Murphy, Quints' room, Dorie and Tom, Quints' room, Julie, SGH staff locker room, Quints' room, Charlotte and Lucy, Patient room, Carl Murphy, Quints' room, Dorie and Tom, Quints' room, Julie, SGH staff locker room, Quints' room, Charlotte and Lucy, Patient room, Carl Murphy, Quints' room, Dorie and Tom, Quints' room",
  "10269": "A",
  "10385": "E",
  "10408": "A",
  "10658": "B",
  "10660": "E",
  "10416": "B",
  "10243": "E",
  "10569": "A",
  "10551": "B.",
  "10524": "A",
  "10804": "E",
  "10305": "D",
  "10647": "A",
  "10687": "A",
  "10214": "C",
  "10487": "B",
  "10988": "A",
  "10472": "D",
  "10892": "A",
  "10816": "E",
  "10594": "E",
  "10471": "D",
  "10641": "E",
  "10468": "E",
  "10442": "D",
  "10874": "B",
  "10814": "A",
  "10369": "A",
  "10756": "E",
  "10901": "D",
  "10741": "A",
  "10817": "A",
  "10582": "A",
  "10742": "A",
  "10437": "E",
  "10650": "B",
  "10436": "B. house, Sonia Ruiz's prison, crime scene",
  "10319": "A",
  "10413": "D",
  "10805": "E",
  "10404": "A",
  "10311": "B",
  "10387": "A",
  "10579": "C",
  "10791": "E",
  "10456": "A",
  "10574": "E",
  "10465": "E",
  "11008": "E",
  "10421": "A",
  "10546": "A",
  "10557": "A",
  "10537": "C",
  "10322": "D",
  "10474": "C",
  "10287": "E",
  "10753": "A",
  "10855": "A",
  "10967": "B",
  "11037": "B",
  "10584": "The correct answer is:\n\nE. SGH Entrance, Grace's Room, Picket Line, Nursing Home, SGH Entrance, Grace's Room, E.R, SGH Entrance",
  "11012": "A",
  "10600": "The correct answer is E. The scenes transition in this video after the event 'Cristina discovers Lea’s abuse injuries' as follows:\n\n- Mr. Hubble's room, hallway in front of the OR board, SGH hallway, Mr. Siebert's OR, MRI room, SGH OR board, Walkway outside SGH, Mrs. Seibert's room, hospital hallway, OR operating room, Scott's post-op room, outdoor cafe, pre-op room, MRI viewing room, elevator\n\nThis sequence logically follows the events leading up to the discovery of Lea's abuse injuries, where Cristina finds out about her abuse and the subsequent medical procedures and treatments she undergoes.",
  "10627": "E",
  "10290": "B",
  "10790": "B",
  "10928": "B",
  "10635": "C",
  "10886": "A",
  "10786": "D",
  "10222": "C",
  "10723": "A",
  "10439": "C",
  "10925": "B",
  "10960": "B",
  "10604": "A",
  "10779": "The correct sequence of scene transitions in this episode is option B.",
  "10230": "A",
  "10984": "E",
  "10409": "D",
  "10842": "D",
  "11001": "D",
  "10634": "E",
  "10602": "A",
  "10965": "B",
  "10719": "B",
  "10360": "E",
  "10632": "B",
  "10251": "D",
  "10727": "D",
  "10740": "B",
  "10701": "D",
  "10523": "E",
  "10964": "B",
  "10221": "A",
  "10323": "A",
  "10255": "D",
  "11024": "D",
  "10543": "A",
  "11010": "E",
  "10285": "D",
  "10985": "D",
  "10861": "A",
  "10533": "C",
  "10638": "E",
  "10364": "C",
  "10568": "E",
  "10665": "D",
  "10257": "B",
  "10280": "A",
  "10733": "B",
  "10197": "A",
  "11006": "D",
  "10476": "A",
  "10246": "B",
  "10880": "B",
  "10534": "D",
  "10669": "A",
  "10463": "E",
  "10605": "B",
  "10412": "B",
  "10213": "E",
  "10190": "A",
  "10680": "A",
  "10858": "A",
  "11029": "A",
  "10438": "D",
  "10885": "A",
  "10354": "D",
  "10419": "B",
  "10977": "E",
  "10621": "B",
  "10980": "C",
  "10789": "A",
  "11023": "B",
  "10267": "A",
  "10681": "A",
  "10286": "To find the correct answer for the question about how the scenes transition before the event where Raj agrees to back off, we need to carefully analyze the context provided by the subtitles and the descriptions of the scenes.\n\nFirst, we look at the sequence of events and the scenes described:\n1. It's nice to get back to nature.\n2. (Sheldon) Why don't I do this more often?\n3. (Sheldon) How would I know?\n4. (Sheldon) Amy showed me a compelling study...\n5. (Sheldon) ...who spent four days in the woods...\n6. (Sheldon) ...reported a 50% gain in reasoning...\n7. (Penny) ...was in a hot, dense state ♪\n8. (Sheldon) ...Do not sneak up on a guy when he's sitting on a log.\n9. (Sheldon) ...why don't we rent a cabin?\n10. (Sheldon) ...But I could get her.\n11. (Leonard) ...You and I could still go...\n12. (Sheldon) ...If that's true, why aren't...\n13. (Sheldon) ...was in a hot, dense state ♪\n14. (Sheldon) ...Do not sneak up on a guy when he's sitting on a log.\n15. (Sheldon) ...What the hell are you watching?\n16. (Sheldon) ...You feel like Raj is getting...\n17. (Sheldon) ...with all the baby stuff?\n18. (Leonard) ...I bought a baseball cap.\n19. (Penny) ...What team did you get?\n20. (Sheldon) ...Are you trying to manipulate me?\n21. (Raj) ...The only thing you carry...\n22. (Howard) ...and then we swung by...\n23. (Leonard) ...Did you get graham crackers?\n24. (Howard) ...I didn't know you needed help...\n25. (Bernadette) ...Yeah, ever since you told him...\n26. (Raj) ...but I'd love to hear...\n27. (Howard) ...And it just got weird.\n28. (Leonard) ...I bought a baseball cap.\n29. (Penny) ...What team did you get?\n30. (Sheldon) ...Are you trying to manipulate me?\n31. (Raj) ...The only thing you carry...\n32. (Howard) ...and then we swung by...\n33. (Leonard) ...Did you get graham crackers?\n34. (Howard) ...I didn't know you needed help...\n35. (Bernadette) ...Yeah, ever since you told him...\n36. (Raj) ...But I'd love to hear...\n37. (Howard) ...And it just got weird.\n38. (Leonard) ...I bought a baseball cap.\n39. (Penny) ...What team did you get?\n40. (Sheldon) ...Are you trying to manipulate me?\n41. (Raj) ...The only thing you carry...\n42. (Howard) ...and then we swung by...\n43. (Leonard) ...Did you get graham crackers?\n44. (Howard) ...I didn't know you needed help...\n45. (Bernadette) ...Yeah, ever since you told him...\n46. (Raj) ...But I'd love to hear...\n47. (Howard) ...And it just got weird.\n48. (Leonard) ...I bought a baseball cap.\n49. (Penny) ...What team did you get?\n50. (Sheldon) ...Are you trying to manipulate me?\n51. (Raj) ...The only thing you carry...\n52. (Howard) ...and then we swung by...\n53. (Leonard) ...Did you get graham crackers?\n54. (Howard) ...I didn't know you needed help...\n55. (Bernadette) ...Yeah, ever since you told him...\n56. (Raj) ...But I'd love to hear...\n57. (Howard) ...And it just got weird.\n58. (Leonard) ...I bought a baseball cap.\n59. (Penny) ...What team did you get?\n60. (Sheldon) ...Are you trying to manipulate me?\n61. (Raj) ...The only thing you carry...\n62. (Howard) ...and then we swung by...\n63. (Leonard) ...Did you get graham crackers?\n64. (Howard) ...I didn't know you needed help...\n65. (Bernadette) ...Yeah, ever since you told him...\n66. (Raj) ...But I'd love to hear...\n67. (Howard) ...And it just got weird.\n68. (Leonard) ...I bought a baseball cap.\n69. (Penny) ...What team did you get?\n70. (Sheldon) ...Are you trying to manipulate me?\n71. (Raj) ...The only thing you carry...\n72. (Howard) ...and then we swung by...\n73. (Leonard) ...Did you get graham crackers?\n74. (Howard) ...I didn't know you needed help...\n75. (Bernadette) ...Yeah, ever since you told him...\n76. (Raj) ...But I'd love to hear...\n77. (Howard) ...And it just got weird.\n78. (Leonard) ...I bought a baseball cap.\n79. (Penny) ...What team did you get?\n80. (Sheldon) ...Are you trying to manipulate me?\n81. (Raj) ...The only thing you carry...\n82. (Howard) ...and then we swung by...\n83. (Leonard) ...Did you get graham crackers?\n84. (Howard) ...I didn't know you needed help...\n85. (Bernadette) ...Yeah, ever since you told him...\n86. (Raj) ...But I'd love to hear...\n87. (Howard) ...And it just got weird.\n88. (Leonard) ...I bought a baseball cap.\n89. (Penny) ...What team did you get?\n90. (Sheldon) ...Are you trying to manipulate me?\n91. (Raj) ...The only thing you carry...\n92. (Howard) ...and then we swung by...\n93. (Leonard) ...Did you get graham crackers?\n94. (Howard) ...I didn't know you needed help...\n95. (Bernadette) ...Yeah, ever since you told him...\n96. (Raj) ...But I'd love to hear...\n97. (Howard) ...And it just got weird.\n98. (Leonard) ...I bought a baseball cap.\n99. (Penny) ...What team did you get?\n100. (Sheldon) ...Are you trying to manipulate me?\n101. (Raj) ...The only thing you carry...\n102. (Howard) ...and then we swung by...\n103. (Leonard) ...Did you get graham crackers?\n104. (Howard) ...I didn't know you needed help...\n105. (Bernadette) ...Yeah, ever since you told him...\n106. (Raj) ...But I'd love to hear...\n107. (Howard) ...And it just got weird.\n108. (Leonard) ...I bought a baseball cap.\n109. (Penny) ...What team did you get?\n110. (Sheldon) ...Are you trying to manipulate me?\n111. (Raj) ...The only thing you carry...\n112. (Howard) ...and then we swung by...\n113. (Leonard) ...Did you get graham crackers?\n114. (Howard) ...I didn't know you needed help...\n115. (Bernadette) ...Yeah, ever since you told him...\n116. (Raj) ...But I'd love to hear...\n117. (Howard) ...And it just got weird.\n118. (Leonard) ...I bought a baseball cap.\n119. (Penny) ...What team did you get?\n120. (Sheldon) ...Are you trying to manipulate me?\n121. (Raj) ...The only thing you carry...\n122. (Howard) ...and then we swung by...\n123. (Leonard) ...Did you get graham crackers?\n124. (Howard) ...I didn't know you needed help...\n125. (Bernadette) ...Yeah, ever since you told him...\n126. (Raj) ...But I'd love to hear...\n127. (Howard) ...And it just got weird.\n128. (Leonard) ...I bought a baseball cap.\n129. (Penny) ...What team did you get?\n130. (Sheldon) ...Are you trying to manipulate me?\n131. (Raj) ...The only thing you carry...\n132. (Howard) ...and then we swung by...\n133. (Leonard) ...Did you get graham crackers?\n134. (Howard) ...I didn't know",
  "10711": "B",
  "10796": "A",
  "10371": "A",
  "10854": "A",
  "10750": "D",
  "10833": "A",
  "10956": "C",
  "10391": "A",
  "10556": "A",
  "10531": "B. DOOL set, Ralph Lauren, Chandler and Monica's",
  "10505": "A",
  "10535": "A",
  "10989": "D",
  "11016": "B",
  "10922": "E",
  "10237": "C",
  "10525": "A",
  "10862": "A",
  "10780": "A",
  "10199": "E",
  "10737": "A",
  "10832": "E",
  "10920": "A",
  "10876": "B",
  "10622": "A",
  "10894": "A",
  "10952": "C",
  "10725": "B",
  "10303": "D",
  "10829": "C",
  "10417": "D",
  "10879": "B",
  "10899": "A",
  "10666": "A",
  "10652": "B",
  "10888": "A",
  "10454": "A",
  "10946": "B",
  "10399": "A",
  "10927": "C",
  "10850": "D",
  "10957": "A",
  "10954": "C",
  "10849": "A",
  "10908": "B",
  "10769": "A",
  "10843": "B",
  "10258": "A",
  "10431": "A",
  "10481": "B",
  "11026": "B",
  "10583": "A",
  "10739": "A",
  "10642": "D",
  "10218": "B",
  "10751": "E",
  "10292": "D",
  "10550": "D",
  "10755": "E",
  "10466": "B",
  "10492": "D",
  "10904": "E",
  "10982": "D",
  "11013": "The correct sequence of scene transitions in the video after the event \"Marshall tries other top-rated burger places but they don't match up\" is:\n\nC. cab, restaurant, dustbin, streets, Ted and Marshall's apartment, McLaren's, McLaren's, cab, gym, restaurant\n\nThis sequence follows the events leading up to Marshall's encounter with The Corner Bistro, where he is searching for his favorite burger. The transitions are as follows:\n\n1. Marshall's car (cab) drives to the restaurant.\n2. He arrives at The Corner Bistro and searches for his burger.\n3. He finds the burger, which he is excited about.\n4. He returns to his apartment, but the burger has been sold or stolen.\n5. Marshall's apartment is cleaned up, and he goes to the gym.\n6. He returns to the restaurant for another burger.\n7. The gym is cleaned up, and Marshall goes to the restaurant again.\n8. The restaurant is cleaned up, and he returns to his apartment.\n9. He goes to the gym again.\n10. He goes to the restaurant and finds the burger again.\n11. The final scene shows him back at his apartment, having completed his search.",
  "10783": "A",
  "10820": "B",
  "10821": "E",
  "10968": "B",
  "10651": "A",
  "10329": "D",
  "10659": "D",
  "10470": "B",
  "10639": "A",
  "10726": "E",
  "10646": "A",
  "10489": "C",
  "10379": "A",
  "10692": "B",
  "10291": "B",
  "10282": "E",
  "10712": "D",
  "10676": "A",
  "10312": "D",
  "10424": "D",
  "11031": "B",
  "10792": "D",
  "10757": "A",
  "10411": "A",
  "10806": "A",
  "10709": "B",
  "10340": "A",
  "10684": "A",
  "10747": "A",
  "11018": "The correct option for the progression of scenes transition in this episode is:\n\nA. Strip Club, Strip Club, Rooftop, 2002 Flashback Locations, Strip Club, Rooftop of Ted's Building, Taxi, Restaurant, Street, MC Laren's, MC Laren's, Restaurant, Strip Club, Jen's Apartment, MC Laren's, MC Laren's\n\nThis option includes multiple scenes transition points and aligns with the context provided in the subtitles.",
  "10958": "A",
  "10672": "E",
  "10844": "B",
  "10296": "A",
  "10495": "C",
  "10400": "E",
  "10532": "E",
  "10682": "B",
  "10900": "B",
  "10239": "E",
  "10865": "A",
  "10785": "D",
  "10502": "B",
  "10690": "A",
  "10528": "A",
  "10618": "E",
  "10776": "A",
  "10644": "A",
  "10626": "C",
  "10973": "E",
  "10947": "B",
  "10326": "B",
  "10256": "A",
  "10396": "B",
  "11036": "E",
  "10276": "B",
  "10731": "D",
  "10966": "C",
  "10945": "A",
  "10993": "B",
  "10778": "C",
  "10247": "E",
  "11050": "E",
  "10233": "E",
  "10735": "D",
  "10628": "A",
  "10654": "E",
  "10370": "C",
  "11045": "A",
  "10691": "B",
  "10215": "D",
  "10240": "A",
  "10205": "C",
  "11032": "A",
  "10347": "A",
  "10542": "E",
  "10549": "A",
  "10931": "B",
  "10882": "A",
  "10536": "D",
  "10944": "B",
  "10225": "B",
  "10352": "D",
  "10207": "A",
  "10656": "B",
  "10830": "D",
  "10688": "A",
  "10395": "D",
  "10631": "B",
  "10581": "A",
  "10981": "D",
  "10575": "B",
  "10812": "A",
  "10696": "B",
  "10458": "E",
  "10749": "A",
  "10509": "A",
  "11046": "D",
  "10856": "B",
  "10950": "A",
  "10586": "A",
  "10715": "E",
  "10313": "D. Howard and Bernadette's kitchen, Penny's apartment, The stairwell",
  "10294": "C",
  "10192": "E",
  "10898": "A",
  "10467": "B",
  "10403": "B",
  "10540": "A",
  "10678": "The progression of scenes transition in this video after the event 'Bailey helps Mr. and Mrs. Niles with their baby' is best described by option D. This option outlines a series of hospital rooms, including the M&M seminar room, lawyer's office, and other hospital-related scenes, which align with the context provided. Other options do not accurately represent the sequence of hospital transitions mentioned in the subtitles.",
  "10890": "A",
  "10819": "D",
  "10825": "B",
  "11021": "A",
  "10897": "A",
  "10818": "A",
  "10813": "B",
  "10226": "B",
  "10552": "B",
  "11015": "A",
  "10217": "A",
  "10544": "E",
  "10877": "A",
  "10563": "A",
  "10895": "B",
  "10860": "B",
  "10587": "The correct answer is:\n\nB. SGH Hallway, OR, Grace's Room, SGH Hallway, Cristina and Burke's Apartment, Sunrise Picket Line, Post-op Room, Grace's Room, Medical Supplies Closet, Picket Line, Derek's Trailer, Meredith's House",
  "10234": "B",
  "10193": "E",
  "10252": "D",
  "10203": "E",
  "11033": "D",
  "10720": "A",
  "10376": "A",
  "10538": "D",
  "10503": "B",
  "10848": "D",
  "10580": "A",
  "10236": "C",
  "10924": "A",
  "10943": "To deduce the correct answer, we need to follow the progression of scenes transition after the event \"Katie changes her mind but gets dumped by Kyle.\" By analyzing the subtitles, we can identify the transitions between scenes.\n\n1. The event \"Katie changes her mind but gets dumped by Kyle\" sets the stage for the following scenes.\n\n2. The subtitles lead us to the following transitions:\n   - Robin's apartment\n   - Empire State Building\n   - Ted's apartment\n   - Bar\n   - The next event is the wedding of Robin with Katie.\n\n3. The sequence of events is:\n   - Katie changes her mind but gets dumped by Kyle.\n   - Robin's apartment.\n   - Empire State Building.\n   - Ted's apartment.\n   - Bar.\n\n4. Therefore, the correct progression of scenes transition after the event \"Katie changes her mind but gets dumped by Kyle\" is: Robin's apartment, Empire State Building, Ted's apartment, Bar.\n\nThus, the correct answer is option B.",
  "10673": "A",
  "10685": "D",
  "10244": "B",
  "10612": "A",
  "10469": "D",
  "10603": "A",
  "10410": "B",
  "10259": "B",
  "10388": "D",
  "10777": "A",
  "10429": "B. Hotel Room, Koreatown Restaurant, Zenith Studios, Hollywood Forever Cemetery",
  "10383": "D",
  "10745": "A",
  "10919": "A",
  "10238": "E",
  "10278": "A",
  "10732": "A",
  "10494": "E",
  "10811": "A",
  "10402": "E",
  "10601": "A",
  "10253": "B",
  "10553": "A",
  "11055": "B",
  "10620": "A",
  "11017": "B",
  "10668": "E",
  "10838": "A",
  "10450": "B",
  "10910": "A",
  "10343": "A",
  "10643": "A",
  "10624": "B",
  "10299": "C",
  "10707": "E",
  "10771": "B",
  "10281": "A",
  "10657": "D",
  "10592": "The correct sequence of scene transitions in this episode is option B.\n\nThe transitions are as follows:\n\n1. **Hallway in front of the OR board** \n2. **Hospital hallway**\n3. **SGH OR board**\n4. **SGH hallway**\n5. **Mrs. Seibert's room**\n6. **Mr. Hubble's room**\n7. **Elevator**\n8. **Pre-op room**\n9. **Richard's room**\n10. **Lea's room**\n11. **Mr. Siebert's OR**\n12. **Walkway outside SGH**\n13. **OR operating room**\n14. **Outdoor cafe**\n15. **MRI room**\n16. **Hospital hallway\n\nThese transitions are part of the narrative and reflect the progression from various locations to different scenes within the hospital.",
  "10527": "A",
  "10478": "E",
  "11056": "C",
  "10328": "B. Vampire Coven, Dental Clinic, Home, Police Station, Graveyard, Matthew's Apartment, City Morgue",
  "10962": "A",
  "10194": "B",
  "10760": "A",
  "10196": "E",
  "10501": "E",
  "10490": "B",
  "10265": "A",
  "10342": "B",
  "10645": "The correct answer is C. CT room, Jane Doe's room, boardroom, corridor, cafeteria, Jane Doe's room, nurse's station, Cathy's OR, nurse's station, Seattle scenes, scrub room, linen closet, hallway, Callie and George's bedroom, Seattle scenes, Jane Doe's OR, Joe's bar, office, boardroom, Jane Doe's room, Doug's room, Doug's OR, locker room, bedroom, Izzie's room, hall, clinic, Cathy's room.",
  "10824": "B",
  "10254": "B",
  "10955": "D",
  "10571": "E",
  "10822": "E",
  "10991": "A",
  "10986": "C",
  "10548": "A",
  "10363": "B",
  "10671": "B",
  "10493": "E",
  "10999": "A",
  "10508": "A",
  "11047": "A",
  "10689": "A",
  "10667": "B",
  "10477": "D",
  "10201": "E",
  "10521": "D. Central Perk the next day, Monica and Chandler's, Rachel's Office, Sting's Apartment, The Midfield Day School, The Hallway",
  "10841": "E",
  "10987": "B",
  "10636": "B",
  "10763": "D",
  "10356": "C",
  "10801": "A",
  "10746": "D",
  "11044": "A",
  "10807": "D",
  "10795": "B",
  "10373": "D",
  "11048": "D",
  "10679": "E",
  "10902": "A",
  "11002": "B",
  "10700": "A",
  "10926": "A",
  "10325": "C",
  "10705": "E. I don't know",
  "10609": "A",
  "10887": "A",
  "10864": "B",
  "10810": "A",
  "10327": "D",
  "10333": "B",
  "10951": "B",
  "10195": "D",
  "10881": "A",
  "10823": "A",
  "10839": "A",
  "10389": "A",
  "10875": "B",
  "10344": "A",
  "10435": "D",
  "11028": "B",
  "10913": "B",
  "10570": "A",
  "10210": "C",
  "10480": "To determine the correct chronological order of scenes transition in the video before the event 'The group congratulates Ross and Emily,' we need to carefully analyze the provided subtitles and identify the sequence of events that follow the initial scene. Let's break this down:\n\n1. **Monica and Rachel's erm**: This scene is mentioned early in the subtitles.\n2. **Chandler and Joey's**: Another scene is mentioned, which appears later.\n3. **Later that same day**: This is the earliest time a scene appears in the subtitles.\n4. **Central Perk**: This is a significant scene in the subtitles, indicating a return to the main characters.\n5. **Opening Credits**: The first scene after the main characters is the opening credits.\n6. **Rachel's bedroom**: Another scene is mentioned, which appears later.\n7. **The hallway**: Another scene appears, followed by a scene in Ross's apartment.\n8. **Ross's bedroom**: Another scene appears, followed by another scene in Ross's apartment.\n9. **Cut to the girls apartment**: This scene appears later.\n10. **Monica and Rachel's erm**: This scene is mentioned again.\n11. **Chandler and Joey's**: Another scene is mentioned.\n12. **Later that same day**: This scene appears again.\n13. **Ross's apartment**: Another scene is mentioned.\n14. **The hallway**: Another scene appears.\n15. **Rachel's bedroom**: Another scene is mentioned.\n16. **Opening Credits**: The first scene after the main characters is the opening credits.\n\nGiven the sequence of scenes mentioned in the subtitles, the correct chronological order of scenes transition before the event 'The group congratulates Ross and Emily' is:\n\n**A. Monica and Rachel's erm, Chandler and Joey's, later that same day, Central Perk, Opening Credits, Rachel's bedroom, The hallway, Ross's bedroom, Ross's apartment, Cut to the girls apartment, Monica and Rachel's erm, Chandler and Joey's**\n\nTherefore, the correct answer is **A**.",
  "10867": "D",
  "10397": "A",
  "10304": "E",
  "10516": "B",
  "10938": "E",
  "10529": "A",
  "10784": "B",
  "10377": "D",
  "10979": "E",
  "10918": "A",
  "10444": "D",
  "10451": "E",
  "11027": "B",
  "10983": "B",
  "11038": "A",
  "10868": "B",
  "10457": "A",
  "10799": "B",
  "10449": "D",
  "10675": "C",
  "10263": "B",
  "10788": "D",
  "10661": "D",
  "10611": "A",
  "10398": "D",
  "10232": "E",
  "10500": "B",
  "10907": "B",
  "10963": "A",
  "10433": "A",
  "10768": "E",
  "10353": "A",
  "10759": "E"
}