{
  "16295": "In the subtitles provided, it is clear that Jim is involved in an operation carried out by Ethan Hunt, the embassy's Washington visitor liaison, and other agents. During the meeting, Jim is identified as having stolen a part of a CIA NOC (National Office of Counterintelligence) list, which contains deepcover agents working in Eastern Europe. This list is divided into two parts: the first half contains code names, while the second half is useless without its mate which matches the code names with their true names.\n\nEthan, in character, takes on the role of Jim and is tasked with obtaining photographic proof of the theft, apprehending both the stolen agents, and ensuring the security of the embassy's operations. He is also responsible for managing the team, including Sarah Davies, Jack Harmon, Hannah Williams, and Ethan Hunt, who is in Kiev and will be in Prague.\n\nThe key question in the subtitles is whether Jim killed Jack. The answer, based on the context and information provided, is no. The operation is carried out by Ethan Hunt and his team, and Jim is not involved in the theft. The scene is set during a reception at the embassy in Prague, where Ethan, in character, is tasked with the mission of obtaining photographic proof of the theft and apprehending both the stolen agents. The team is led by Ethan Hunt, with various members assigned roles, including Sarah Davies, Jack Harmon, Hannah Williams, and Ethan Hunt himself, who is in Kiev and will be in Prague. The operation is carried out with a focus on security and intelligence, and no evidence suggests that Jim is involved in the theft.",
  "16319": "Anthony knew that Michael killed Fredo because he was the one who ordered the murder. Michael's motive was to protect his son, which led him to kill Fredo in order to ensure his son's safety.",
  "16291": "Yes, the events were told from Verbal's perspective and were a lie. This is evident from the context of the subtitles provided, which depict a series of events involving a hijacking of a truck, a theft of gun parts, and a murder. These events are presented to Verbal, who is not involved in the actual events. Instead, the subtitles portray a narrative that Verbal is a part of, with his own actions and decisions influencing the outcome of the events. Verbal's perspective is used to explain his involvement in the events, his motivations, and his role in the unfolding drama, rather than the actual events that were occurring.",
  "16254": "Vito Andolini is being questioned because he has been accused of killing his brother in 1947 and has been accused of controlling three major hotels in Las Vegas.",
  "16283": "The movie ends with the author finishing the last chapter of the novel, which will be published and brought to the world. The story revolves around the mystery of who Misery's real father is, and the fate of Misery and Ian. The author will need to make several decisions, including who Misery will marry and whether they will be reunited. The author also decides to light a match to start a book on the topic of the house, and the Times review is a love letter to the book.",
  "16304": "Yes, the movie script says they should not be \"giving more time\" but instead asking for more time. The sentence \"Call the Pentagon to ask for more time\" means that the characters should ask the Pentagon for more time before they proceed with their mission. This is because they are the ones issuing the ultimatum in the movie, and they should not be giving more time but rather requesting more time to fulfill their mission.",
  "16290": "The true identity of Keyser Sze is never revealed. The subtitles provide various accounts of the events that led to the discovery of the true identity of Keyser Sze. In one account, it is mentioned that the police have a warrant for his arrest, and in another, it is stated that they have found him after a long search of Queens. However, the subtitles do not provide any information about his identity, only that he is a corrupt cop.",
  "16269": "Kurtz took matters into his own hands by ordering the execution of some Vietnamese intelligence agents, believing that he had ordered the murder of the colonel.",
  "16268": "Fredo didn't know he was going to be killed. He had a conversation with his brother, Vito, about his father's murder.",
  "16280": "No, it is not true that Annie Wilkes caused Paul Sheldon's accident. The text discusses various events, including a blizzard, and mentions that Annie Wilkes was a nurse who was present when Paul Sheldon was having a severe accident. However, there is no evidence that Annie Wilkes was directly responsible for the accident.",
  "16321": "Tom Hagan is in Sicily.",
  "16288": "The cocaine that was on the ship was stolen by someone named Keyser Sze, who was working for a group of Argentinians. The cocaine was part of a larger operation involving drug trafficking and murder, and the police were trying to catch the culprit. The cocaine was stolen from the ship at the time of its hijacking and was later identified as belonging to Keyser Sze.",
  "16272": "Willard shoots the girl on the sampan to kill her because she was her lover and they were in danger.",
  "16317": "The movie ends with a confrontation where the Princess is killed by the Dread Pirate Roberts, and the bride, Princess Buttercup, who is the only remaining survivor, is executed by the Dread Pirate Roberts. The remaining prince, Prince Humperdinck, is left with no one to love him and is ultimately killed by the Dread Pirate Roberts himself. The fate of the remaining bride, Princess Buttercup, is left to be decided by the audience.",
  "16303": "Captain Darrow tells Goodspeed at the lower lighthouse at the end of the movie because Goodspeed is crazy and believes he is in danger and that he will not be able to help. Goodspeed is scared and is afraid to do anything, which is why he tells Captain Darrow not to be scared.",
  "16311": "Sebastian is a genetic designer who works for Tyrell Corporation. He is trying to find help for his technology, but he is not sure what it is and is experiencing some difficulties. He is also struggling with his own identity and emotions, which are causing him some trouble.",
  "16276": "Belloq gets his \"copy\" of the Staff of Ra headpiece at the Turkdean Barrow near Hazelton, which contains a central paspassage and three chambers or cysts.",
  "16314": "Vizzini is switching cups because he is sick. He is poisoning Buttercup to save her, but it's a dangerous and potentially lethal poison.",
  "16322": "No, Max did not know about the Penguin's plan to kidnap a bunch of babies and drown them.",
  "16296": "The arrest of Ethan's mother and Uncle in the US would be broadcast on London television because they are suspected of being involved in the theft of a CIA NOC list, which is a record of all deep-cover agents working in Eastern Europe.",
  "16326": "The movie ends with the Penguin Man discovering his parents and finding out their true identities. He then decides to help Shreck find out who he is and why he is doing what he is doing. The Penguin Man is also given a chance to find out more about himself by discovering his human name.",
  "16263": "The final Congressional testimony was about the murder of Michael Corleone and his family. The testimony was presented by Senator Pat Geary, who was a member of the Senate. The testimony was related to a case involving a Mafia gang that had taken Michael's family into custody. The testimony was recorded on a video and was shown to the public.",
  "16277": "No, Belloq also used the wrong hole for his staff. In the context of the given text, Belloq is a character who is involved in an archaeological dig and is searching for a headpiece associated with the Staff of Ra. The text mentions that Belloq's method of archaeology is primitive, and he would use a bulldozer to find the item, which indicates that he did not use the right hole for his staff.",
  "16274": "Indiana Jones was planning to take the Ark of the Covenant to Berlin and give it to Adolf Hitler. However, the Nazis discovered the Ark of Tanis, which is one of the resting places of the Lost Ark. They wanted the headpiece with the staff of the Staff of the Ram, which is the headpiece that the Ark is made of. They believed that the Ark was a transmitter that could communicate with God. Indiana Jones knew that he was going to be held captive and that the Nazis would take him away. He was also planning to give the Ark of Tanis to Hitler as a reward for his bravery. However, he was concerned that the Nazis might not be able to take him home safely, so he decided to sneak him out of the box and take the Ark of Tanis for himself.",
  "16325": "The movie does not explain how Oswald Cobblepot became the Penguin.",
  "16249": "The question asks whether the manufacturer's weight could be compared to that of a 3-year-old car used to pull off the street. The manufacturer's weight is 120 pounds, but the weight of a 3-year-old car pulled off the street can be much heavier due to various factors such as oil, trans fluid, coolant, and dirt accumulated in carpets, seats, wheel-wells, and other components. Additionally, modifications done to the car, rust, or dirt accumulation can also contribute to its weight. It's possible that a 3,000-pound car could gain much more weight than the manufacturer's 120-pound weight, although it's not certain whether it would be visible or not.",
  "16289": "Keyser Sze is a suspect in the murder of Saul Berg. He is involved in the operations of the New York Police Department (NYPD) and has been a part of the hijacking of a truck in Buffalo, New York in 1981. He was involved in the theft of gun parts from a truck that was set to be destroyed by the State of New York. Keyser Sze is also connected to the activities of the Hungarian mob that is currently negotiating for the sale of 91 million in cocaine. He is accused of having a hand in the murder of Saul Berg and his bodyguards.",
  "16273": "The song that plays over the beginning of the film is \"The War on the Horizon\" by Time magazine.",
  "16260": "Roth betrayed Michael because he knew that Michael was a traitor, and he wanted to use his power to get Michael out of the situation. Michael was planning to take revenge on Roth for taking Michael's family to Las Vegas, but Roth wanted to do the same to Michael's brother Fredo.",
  "16259": "The drapes in Michael's Tahoe bedroom were opened because Michael Corleone wanted to show his wife and children that he was happy and he was with his family. The drapes were opened to reveal Michael's wife, the mother, who was in the living room.\n\nThe killer of Johnny Ola's gunmen was Johnny Ola. He had been killed by Vito Corleone, who had orchestrated the crime for his benefit.",
  "16278": "The situation is a complex one involving the search for the Ark of the Covenant, which is believed to be hidden in the city of Tanis in Egypt. The Nazis are searching for the headpiece to the Staff of Ra to protect their possession of the Ark. The search is taking place in the desert outside of Cairo in order to reach Tanis. The searchers are using the map room in Tanis, which is a secret chamber where the Ark is hidden, to locate the Ark. The searchers are looking for information about the markings on the Ark, which is a key clue in the search.",
  "16300": "In the context of the given subtitles, Ethan Hunt deduces that the Bible was stolen from the CIA NOC list during a reception in Prague. He realizes that the list is divided in two: the portion that Golitsyn already has contains code names, and this half is useless without its mate that matches the code names with their true names. This information is crucial in understanding the motives and plans of the individuals involved in the theft.",
  "16279": "The Nazis discovered Tanis and were looking for the headpiece to the Staff of Ra, which is a small stone with an elaborate headpiece in the shape of the sun with a crystal in the center. The Nazis took the staff to a map room with a miniature of the city laid out on the floor, where they placed it in a certain place at a certain time of day to determine the location of the Well of Souls, which is the secret chamber where the Ark of the Covenant was kept.",
  "16282": "Sheriff Buster suspected Annie Wilkes when he received a call from her daughter, Paul Sheldon, who had been missing her for a long time. They had a deep connection and were both her number one fans.",
  "16275": "The relationship between Indy and Marion appears tumultuous when they meet because the Nazis discovered Tanis, a possible resting place of the Lost Ark. The Nazis wanted the headpiece to the Staff of Ra, which is associated with the Ark. They believe that the Ark is a transmitter or a radio for speaking to God. Indy is skeptical of the Nazis' motives and is concerned about the potential danger posed by the discovery.",
  "16266": "Frank Pentangeli, the leader of the Corleone family, agrees to kill himself because he is afraid that his family will be hurt and betrayed by the Rosato brothers and others. He believes that he is responsible for the murder of Vito Corleone's son in 1947 and that the Rosato brothers are taking advantage of his family's wealth and power. Pentangeli is also afraid that the family will become too powerful for others to control and that he will be unable to protect his family from harm.",
  "16286": "Matthew Markinson committed suicide because he felt that his life was in danger and that he was being transferred off the base, despite being a substandard Marine.",
  "16250": "Michael figured out that Fredo betrayed him because he was a strong and loyal man who was living in an isolated and difficult environment. Fredo was a member of the Mafia family and had a strong desire to take control of the family's affairs, which led him to kill Michael and his family. Michael was a respected guest at the Havana operation and had a difficult time dealing with the situation, but he was able to communicate with his family and make amends for the betrayal.",
  "16251": "The Cuban military knew that there was going to be an attempt on Hyman Roth's life in the hospital because they were aware that the Rosato brothers were planning to take control of the Corleone family and that they had made plans to harm Hyman Roth. They knew that Hyman Roth had a good heart and that he was not a threat to the family, and they wanted to stop them from doing so.",
  "16310": "Rachael knew that Leon was a Replicant because of the VoightKampff test, which she had taken before. She had already completed the test, and the results showed that Leon did not pass it, indicating that he was not a Replicant. She was aware that she had been subjected to a psychological test designed to provoke an emotional response, and she was now faced with the decision of whether to remain a Replicant or to cooperate with Leon.",
  "16258": "The character who knows Frankie's fate is Vito. The character who knows Frankie is his brother, Fredo.",
  "16294": "The 120,000 was put into the bank accounts of Ethan's mother's uncle by a CIA agent named Alexander Golitsyn.",
  "16287": "Keaton had to kill the rest of the group because he had already been convicted of the murder of Saul Berg and his bodyguards. The court accused him of the same crime as the other five men, and he was given the opportunity to escape. Keaton knew he had no choice but to face the consequences of his actions and was not willing to continue in the same line of questioning.",
  "16285": "Kaffee got into trouble by calling Jessup a SOB (slang for \"super overboard\").",
  "16292": "The movie ends with the police arresting and apprehending the suspects, Mr. McManus Christ, and Todd Hockney, as well as Fenster and Redfoot. The suspects are shown to be guilty of the crime, and the final scene shows the police escorting the suspects to their prisons, with the suspects being handcuffed and led away.",
  "16297": "Ethan and Kittridge met at the embassy in Prague to expose Jim as the traitor.",
  "16302": "Stanley Goodspeed was the Marine Informer who threw the stones down before the shootout between Marines and SEALs in the shower room started.",
  "16265": "The Rosato Brothers are taking hostages. They are being attacked by the Jewish gang in Miami.",
  "16312": "Roy saves Deckard because he is a replicant with a brain implant. Deckard is currently a replicant, so Roy, who is not a replicant, has to save him. Roy is not sure if Deckard is a replicant, but he is determined to save him.",
  "16316": "Inigo Montoya's father was killed by a sixfingered man.",
  "16293": "In the given context, it appears that the story revolves around a series of events and confrontations that involve a person named Keyser Sze, who is associated with a group of people and activities related to drug trafficking and murder. The text mentions that Keyser Sze has been involved in various activities, including hijacking a truck and being targeted by law enforcement. It also discusses the involvement of a group of people, including a person named Redfoot, in these activities.\n\nHowever, the text does not provide a clear indication of whether Keyser Sze is alive or dead. It seems that the focus of the story is on the events that have taken place and the actions of the individuals involved, rather than on the current state of Keyser Sze. Therefore, based on the provided context, it is impossible to determine whether Keyser Sze is alive or dead.",
  "16284": "Downy is not aware that Santiago's death was the result of an accidental poisoning, which was intended to kill Santiago. Santiago was forced to bite the cloth to prevent the poison from reaching his mouth, and the poison was injected into his rag. The poison was not detected by the lab and coroner's report, but there was an ingested poison that caused his lungs to begin bleeding.",
  "16252": "The flashback scene at the end of the film is significant because it allows the audience to see the Corleone family's secret dealings with Hyman Roth, which is crucial for understanding the plot and the moral implications of the events. It also provides a glimpse into the Corleones' personal relationships with their family members, such as Fredo and Vito, and how they navigate the challenges they face. The scene's significance lies in its portrayal of the Corleones' power struggles and their efforts to maintain their family's fortune and reputation, which are central to the story's conflict and resolution.",
  "16271": "Willard's decision to save Lance but not Colby is because he believes that Kurtz has gone insane and that his methods are unsound. He is a soldier who is not an assassin but an errand boy sent to collect bills. Willard feels that he is in danger of being killed by Kurtz, who has ordered the execution of intelligence agents. Willard is afraid to confront Kurtz and believes that he will kill him anyway. He is torn between his duty to protect Lance and his desire to save Colby.",
  "16264": "The movie ends with the Corleone family, led by Vito Corleone, facing a serious problem with Hyman Roth, who is offering to take over the family's assets. The Corleone family is caught in a situation where they are being pursued by a criminal organization, and they are ultimately forced to make a difficult decision to protect their family and the lives of their children and their business.",
  "16323": "Batman's true identity is unknown, but Penguin is known to be a man who lives in the sewers.",
  "16324": "No, the movie does not explain how Selina Kyle became Catwoman. The movie focuses on the Penguin Man and his life in Gotham City, where Selina Kyle, the mother of a Penguin, is trying to find a way to save the life of her son, who is a Penguin.",
  "16318": "In the previous film, Connie was opposed to the Corleone's way of life. She believed that the Corleone were a dangerous and corrupt mafia organization that was causing harm to innocent people. However, in the previous film, Connie had gone from being opposed to the Corleone to actively taking part in their activities and orchestrating someone's untimely demise directly herself. This change in attitude was likely due to the influence of some events or people that had affected Connie's views on the Corleone's way of life.",
  "16256": "Connie went from hating Michael for ordering Carlo's murder to reconciling with him at the end when she asked him to forgive Fredo because she was in denial and had to confront the fact that she was responsible for the murders.",
  "16255": "Michael Corleone had a private meeting with Tom Hagen after the assassination attempt. Michael said he was leaving and Tom would be in charge from then on, but Michael decided to leave and take over the family business.",
  "16299": "In the subtitle, it is stated that Ethan hired Krieger for his team and he happened to be working with Phelps.",
  "16320": "The main villain of the movie is Don Altobello, also known as Vito Corleone. He is a powerful mafia boss who controls the Corleone family business in New York City. He is a central antagonist in the movie, and his schemes and actions are the main focus of the story. His character is characterized by his ruthless nature, his ability to manipulate and control others, and his desire for power and wealth.",
  "16315": "Prince Humperdinck's future is uncertain, as he faces a dilemma between finding the love of his life, Princess Buttercup, and the danger of killing her. He is under the threat of being captured and executed by Count Rugen, who has also killed Westley, the farm boy he once loved. Humperdinck must decide whether to take action to protect Buttercup and prevent his capture, or to remain silent and let the situation escalate.",
  "16301": "Hummel, the leader of the SEAL team, had been in charge of the operation since the beginning of the mission. He had been working closely with the intelligence team to identify the hostages and collect the information needed to neutralize the VX gas rockets. Hummel had also been working with the Special Explosives and Chemical Weapons Directorate (SEW) to ensure the safety of the SEAL team and prepare for the attack. The mission was a complex and dangerous operation that required careful planning and coordination to ensure the success of the mission. Hummel had been working tirelessly to complete the mission, and he was determined to ensure that the operation was successful.",
  "16298": "Jim turned evil because he was planning to steal the NOC list from the embassy. He wanted the entire list, not just the Eastern European agents, to be equipped with a homing device to pinpoint his exact location.",
  "16313": "Wesley tells Buttercup he doesn't think rodents of unusual size exist right after he saw them because he thought they were a threat to him. However, the story does not mention any mention of rodents or the reason why he saw them. Therefore, it can be assumed that he didn't see them as威胁 but as a harmless curiosity.",
  "16253": "Vito Andolini is not mentally challenged. He is a nine-year-old boy who is very smart and well-behaved. He is the son of his mother, who is a respected person in Cuba, and his father, Vito Corleone, who is the leader of a powerful Mafia family in Las Vegas.",
  "16261": "Vito secured a deal with Fanucci because he had already had the intention to kill Fanucci and wanted to take control of the situation."
}